"ip","autonomoussystem","asname"
"135.116.244.137",10220,"c8248c3f31cb963"
"135.116.244.21",10220,"7c97f26102af92"
"135.116.244.65",10220,"255c9227dd1f5"
"135.116.245.189",10220,"f1c8300f42852f7"
"135.116.246.147",10220,"cb1484ef17b7"
"135.116.246.198",10220,"ef067d71"
"135.116.246.254",10220,"c35b0483761f2ff6d6f3f10d1"
"135.116.248.61",10220,"d7260f0"
"135.116.25.254",10220,"573b7c2befee448d61"
"135.116.254.219",10220,"e82000c3c07daa805addf50"
"135.116.27.103",10220,"380c88b872d52068b"
"135.116.27.28",10220,"23cc8ecaa8638ab51"
"135.116.28.69",10220,"d9802819a"
"135.116.3.152",10220,"062a9571"
"135.116.30.80",10220,"9d98bb5a"
"135.116.31.189",10220,"7ae60e9509231f0d"
"135.116.36.39",10220,"1ab0fbc5ab9ab4c88fcc55"
"135.116.38.115",10220,"2e8a02857695a1f1dae875"
"135.116.38.227",10220,"11ea81827b3a25355785c5"
"135.116.39.31",10220,"aa43263"
"135.116.40.123",10220,"8ac6b4aae9cf1"
"135.116.40.221",10220,"cb4b732d1e9dd6"
"135.116.41.193",10220,"1d116cc3094555c"
"135.116.41.200",10220,"1418c80dc069e70"
"135.116.41.52",10220,"b610b5bb78f1"
"135.116.43.141",10220,"b7653c20f84739b92bd73db1"
"135.116.45.152",10220,"8654f6cfeb3cb35b5"
"135.116.45.201",10220,"545ccb4696293"
"135.116.46.125",10220,"67dd61"
"135.116.46.160",10220,"eb5cbd6ea2e90b9e510caf70"
"135.116.48.75",10220,"b6ad848e200f791"
"135.116.5.179",10220,"eccad8796b13c396b1"
"135.116.51.211",10220,"bd10194695f56db5456576857"
"135.116.52.101",10220,"ad49af29023b8"
"135.116.52.207",10220,"24eb7"
"135.116.53.123",10220,"f560fc7e10d4a5"
"135.116.54.29",10220,"9e450489cb7e73e628152ca"
"135.116.54.40",10220,"c3be3740d6f74ef3af0ce6"
"135.116.54.53",10220,"84c587c78d"
"135.116.56.246",10220,"92cbf7935530"
"135.116.56.50",10220,"1def9"
"135.116.57.94",10220,"3293860a7a"
"135.116.58.191",10220,"1e84e2"
"135.116.6.199",10220,"a3da1990648d"
"135.116.6.99",10220,"35066b5fbd1"
"135.116.61.138",10220,"324c39f4c6f83a83c9"
"135.116.61.236",10220,"68012f0ba7286"
"135.116.63.175",10220,"ae7e045299d"
"135.116.64.46",10220,"7174247ebfdc4"
"135.116.66.107",10220,"035fca30ac4732523f17"
"135.116.66.189",10220,"fe194bdc27af83"
"135.116.66.22",10220,"533f967414f2"
"135.116.66.228",10220,"6237082b3d6ed9d9963b192"
"135.116.67.29",10220,"3694fc38"
"135.116.68.57",10220,"63b481aee1fa2b3729862d99"
"135.116.7.16",10220,"b0ea2cbdb1ee"
"135.116.71.123",10220,"b225ed9e334626abcb8d70"
"135.116.71.194",10220,"00862b6f948"
"135.116.72.16",10220,"0577f102b24fc426c6bd13"
"135.116.74.136",10220,"1daa8f9ae"
"135.116.75.158",10220,"3b52d3a03"
"135.116.75.85",10220,"942d076286"
"135.116.77.179",10220,"5b7b25524278dee46568"
"135.116.78.45",10220,"5dab0bda9c368a"
"135.116.78.81",10220,"05e67a7cb55dde180059a1"
"135.116.79.11",10220,"ef4fda7a248196c"
"135.116.8.13",10220,"70d8d9a172c"
"135.116.80.45",10220,"c1d67d1615"
"135.116.81.25",10220,"618ca6ebf8b4f7e87"
"135.116.81.53",10220,"3c96c173322"
"135.116.81.75",10220,"290781"
"135.116.82.167",10220,"dc0316c9f73f4a8d028d5"
"135.116.82.97",10220,"2e384d22a20843c20d086fe"
"135.116.83.251",10220,"057b9a"
"135.116.83.76",10220,"7a2f4f31d6406f93f"
"135.116.84.12",10220,"e40c624831"
"135.116.84.131",10220,"8b09fa91e9ee0cd19d5d36ed"
"135.116.84.158",10220,"b83f00f4e"
"135.116.85.165",10220,"c6a3abe0ff8674"
"135.116.85.26",10220,"2d2ee7115b2"
"135.116.86.214",10220,"046c0b5915d22eb093dee1d"
"135.116.86.4",10220,"9eddc"
"135.116.87.120",10220,"76c2f017a9632"
"135.116.89.231",10220,"6d53d53de0e99aa8a5ce"
"135.116.89.237",10220,"255b3f04d636f0eb"
"135.116.9.1",10220,"7d47c0f075a"
"135.116.92.163",10220,"4207e65d7670b32f10b"
"135.116.93.159",10220,"b25166c803729"
"135.116.93.174",10220,"b199930a6692eefdfc5f7b7e6"
"135.116.94.113",10220,"e3b4fd2"
"135.116.97.95",10220,"9b79734"
"135.116.98.100",10220,"40f78d"
"135.116.98.228",10220,"8afcf001060fd37"
"135.116.99.177",10220,"a516f689a09ddb1f085"
"135.117.0.166",10221,"65cec"
"135.117.1.106",10221,"e6a6cdb848c"
"135.117.1.114",10221,"5d91923ecc3a1b"
"135.117.1.162",10221,"0a7c91f63a276"
"135.117.1.182",10221,"d38f5767492d89"
"135.117.10.139",10221,"d0e38d360c137e10d1"
"135.117.10.189",10221,"bdd239737564f24682c084d"
"135.117.10.73",10221,"ce6810f2dfb2834aad"
"135.117.100.172",10221,"f1d2cdfdd8c08e0a"
"135.117.100.217",10221,"59f4e30e944"
"135.117.101.23",10221,"062fc2"
"135.117.101.238",10221,"4ab07c"
"135.117.102.177",10221,"1b009612d"
"135.117.103.131",10221,"8bed8f2f80edc38f72dc6"
"135.117.103.168",10221,"599bf23"
"135.117.104.203",10221,"4c1828b0b4d"
"135.117.106.110",10221,"17809b0f92b03d0aba6ce"
"135.117.107.123",10221,"c9de90b87"
"135.117.107.134",10221,"808aae68f"
"135.117.107.137",10221,"b295d6f6f1"
"135.117.108.80",10221,"cf94639e6991b1a11627ec55"
"135.117.109.149",10221,"c5524932203681516638e"
"135.117.109.161",10221,"789f9389a129af"
"135.117.11.54",10221,"c6d92aec531c37"
"135.117.110.105",10221,"2fa60bc18dd8d057"
"135.117.110.213",10221,"5f3b594418c"
"135.117.111.186",10221,"ed73b3f8df0"
"135.117.112.69",10221,"a9d330418d716"
"135.117.112.74",10221,"e50e54024916baca3e33"
"135.117.113.129",10221,"75ed16ad6c0e96920877e6"
"135.117.113.35",10221,"9fea6e5477d10776a"
"135.117.114.84",10221,"b4da58"
"135.117.115.89",10221,"0d2cd3028a26c9"
"135.117.116.197",10221,"c6495a1dd231467"
"135.117.116.65",10221,"8a12139ae1f55b090a16bc68"
"135.117.118.103",10221,"11b5f78dc9d6837d40809"
"135.117.119.211",10221,"906deff00d95aaf7"
"135.117.119.77",10221,"2cb523a09224689c2596506f"
"135.117.12.148",10221,"329f80"
"135.117.121.62",10221,"9c71f7963f750341ccb"
"135.117.122.244",10221,"5ee20a42f"
"135.117.123.107",10221,"d2436acbb31cd791"
"135.117.126.58",10221,"f29c5c12"
"135.117.127.124",10221,"3ce424e4c14a7f84492c7fea8"
"135.117.127.222",10221,"982404730811bcbbb98a"
"135.117.128.71",10221,"460d5f062a27bf8bd4bd5fc"
"135.117.128.96",10221,"123e33a0b6cc3f6f2fa9f"
"135.117.13.79",10221,"0e615ed086aacd3f1bca"
"135.117.130.158",10221,"f2ca01"
"135.117.130.189",10221,"d42596a"
"135.117.130.72",10221,"8aa35ecc822a1103b09"
"135.117.131.124",10221,"5386b316e4c70e3e6"
"135.117.135.114",10221,"913e4a4b9713a2"
"135.117.135.128",10221,"1b608821a13ec4175b73a11"
"135.117.136.201",10221,"cb61e88376a5e373"
"135.117.137.62",10221,"c72984b8c719b2bce4d"
"135.117.138.13",10221,"dfdca3ab3"
"135.117.138.250",10221,"a3edc82ea5b29"
"135.117.140.168",10221,"7108625f365066437088ef3"
"135.117.140.176",10221,"4dc0bb4ce769"
"135.117.141.210",10221,"5552f08"
"135.117.141.32",10221,"9154abd21a29074f7"
"135.117.142.33",10221,"8418f0159d927a8a90453823"
"135.117.142.41",10221,"c4b9d4728c"
"135.117.143.2",10221,"982e459043"
"135.117.144.159",10221,"0a8b49239527c290f5083ebc"
"135.117.144.162",10221,"9b4423bce52df4ce3877d"
"135.117.144.54",10221,"e7202f9fbf"
"135.117.144.89",10221,"c14f9b"
"135.117.145.207",10221,"3e0c839e5057e8171"
"135.117.146.234",10221,"ee48244"
"135.117.147.203",10221,"21b94"
"135.117.15.123",10221,"5b1a530f4e51e13169788"
"135.117.15.87",10221,"4938f6af9ec1cc68e080266"
"135.117.154.133",10221,"0cdbf4bd4d3dd6b0c"
"135.117.154.242",10221,"9474c606201009c03ae4"
"135.117.155.228",10221,"93a2649371d285be"
"135.117.156.114",10221,"bae983bb80210c16c86a596"
"135.117.157.202",10221,"2f61b0ce6b46b2fc87"
"135.117.159.176",10221,"be1188bee401b0f4be4dd"
"135.117.159.213",10221,"6f59702ae1faa0a05108878"
"135.117.159.86",10221,"65efac7e6d"
"135.117.16.222",10221,"22e5c5309a"
"135.117.160.128",10221,"cf9c99d68159a1cdec36ecc"
"135.117.160.174",10221,"3eb209a3581958"
"135.117.161.192",10221,"cf3eface737283"
"135.117.161.5",10221,"9ff8b840c5"
"135.117.162.181",10221,"7bf1ade2159adf83f"
"135.117.164.144",10221,"f31a9bae24455b633d3554"
"135.117.165.10",10221,"340c7c25279229bd8"
"135.117.165.88",10221,"fbc25b3"
"135.117.166.225",10221,"dfee19a9815abef17f8bbf90"
"135.117.168.108",10221,"d3c55686"
"135.117.168.249",10221,"83cec8c0ff95735"
"135.117.168.48",10221,"da034eb2714f1e9cfe20fd"
"135.117.169.79",10221,"32b738e18bc87fbc46456b55"
"135.117.169.92",10221,"898806"
"135.117.17.52",10221,"62f24086b"
"135.117.170.171",10221,"678d53"
"135.117.171.157",10221,"daf90f60"
"135.117.171.214",10221,"2354f48"
"135.117.171.69",10221,"f5bc474"
"135.117.172.248",10221,"13f5adc44f58355d2c1696"
"135.117.173.234",10221,"34238"
"135.117.173.93",10221,"6ec1280"
"135.117.174.225",10221,"52a7de759a"
"135.117.175.23",10221,"74e8bc08ca489641954b8b"
"135.117.176.132",10221,"df11b9289"
"135.117.177.106",10221,"7a3467ffc1"
"135.117.177.209",10221,"e3749a50543a89b80e744fe8"
"135.117.177.85",10221,"5060aaf716d9f6eccfb221"
"135.117.179.213",10221,"ed8cb1b17ecdbfec5faa"
"135.117.180.160",10221,"3edd172ed2c5124899c93ac"
"135.117.180.59",10221,"749cb2b773a1d581"
"135.117.181.38",10221,"b84e68"
"135.117.184.167",10221,"cbfba8048ea9"
"135.117.184.220",10221,"d8b95ebc8c1443bf6983"
"135.117.184.56",10221,"84cab082a5ca43"
"135.117.185.253",10221,"b1ee00e6f115fd6b"
"135.117.186.103",10221,"5515fa076ed6"
"135.117.186.104",10221,"a8b1891a0"
"135.117.187.11",10221,"ae035282"
"135.117.19.221",10221,"84baa1a1"
"135.117.19.5",10221,"0c79fbd2db"
"135.117.190.89",10221,"a9a17085ce26984383169b"
"135.117.191.225",10221,"c4f3eece"
"135.117.191.96",10221,"98f1d7ba5f02388e"
"135.117.192.97",10221,"00b4a00"
"135.117.193.187",10221,"52223e54d98d061632b5ab"
"135.117.195.17",10221,"184282e62"
"135.117.195.47",10221,"76d584d8c6f5b512"
"135.117.198.178",10221,"4c8bbe21eed0990ffc4ae14be"
"135.117.199.192",10221,"563522cb"
"135.117.2.154",10221,"910c1b938010a347765"
"135.117.2.21",10221,"16c5bcbf71"
"135.117.2.227",10221,"4627dde6980e0"
"135.117.2.35",10221,"72f685329ba7c64d8746698"
"135.117.2.6",10221,"646212805db134541e"
"135.117.20.122",10221,"96ce3710f"
"135.117.20.133",10221,"32e583bfd97529669cc570"
"135.117.201.5",10221,"ff5309effdc04d0103bd150"
"135.117.201.64",10221,"9804938709301dd86a30e4"
"135.117.202.179",10221,"1d544fce2a8084899fdf6dc2"
"135.117.206.111",10221,"ce3d8b59a"
"135.117.206.128",10221,"9ddd8199"
"135.117.206.209",10221,"80cd747942"
"135.117.208.203",10221,"fb0cf2921ca"
"135.117.208.46",10221,"19927d69449a9663d82"
"135.117.209.126",10221,"ab60415bd3937b67c0ff415"
"135.117.21.160",10221,"c3d76ab6d910e"
"135.117.210.109",10221,"0a15efd1"
"135.117.212.211",10221,"599234d048ee07498e"
"135.117.217.161",10221,"508060078f416b7a94da6a"
"135.117.217.18",10221,"1a1c7ffd2"
"135.117.218.246",10221,"b644915c346a"
"135.117.219.63",10221,"2174aac1700f"
"135.117.22.206",10221,"107a9401c4de"
"135.117.22.232",10221,"9afc507c"
"135.117.220.132",10221,"c1211e04ea0ba"
"135.117.222.6",10221,"6c90a7b4009"
"135.117.224.51",10221,"5aecad31cb49dd992ec212"
"135.117.225.119",10221,"6a63ff"
"135.117.226.123",10221,"9c800078d7"
"135.117.227.33",10221,"e651f3"
"135.117.228.254",10221,"4fd77f2d64cda7855081"
"135.117.23.226",10221,"ac44f69fc"
"135.117.23.32",10221,"3f8b691"
"135.117.23.8",10221,"0e9c62e82ce2d65a7"
"135.117.231.168",10221,"5394601342828aa6b7c18fad"
"135.117.231.225",10221,"e58cdbac431bf53"
"135.117.231.235",10221,"033e19c717b176aced71e1"
"135.117.231.94",10221,"e4855b9eb65"
"135.117.232.205",10221,"45248a1e82e9f21320"
"135.117.232.232",10221,"fa18f15371c198"
"135.117.232.80",10221,"71b29b58d79749ceeb17c"
"135.117.233.130",10221,"9f9a06053bc0baef989b7d"
"135.117.233.162",10221,"fb343e96c"
"135.117.234.86",10221,"a59757647"
"135.117.235.132",10221,"96d07d7c2b6f8bc9bec2"
"135.117.235.177",10221,"d2a49ed415782f6"
"135.117.237.114",10221,"aa30bf0e5f0c76"
"135.117.238.166",10221,"e1133ccf0f306c4e5e"
"135.117.239.230",10221,"e338d7302217bbc76e2459b6"
"135.117.239.53",10221,"8690d7eb9ae4b3"
"135.117.239.64",10221,"e1955ac"
"135.117.240.30",10221,"2070e25c20b"
"135.117.242.100",10221,"6aa6b65433190fb"
"135.117.242.184",10221,"712fbe"
"135.117.242.253",10221,"a29b7434966"
"135.117.242.61",10221,"cdbd0f1fedb7"
"135.117.244.156",10221,"f49fd723059b30a501041e2"
"135.117.246.176",10221,"437f78baaf423aded21f63"
"135.117.248.78",10221,"7881f"
"135.117.248.84",10221,"9f7f9e"
"135.117.249.249",10221,"ff7db7c0f715f2e1"
"135.117.25.180",10221,"0585427aa"
"135.117.25.99",10221,"09cdd915f7a41dd1efc6d4081"
"135.117.250.138",10221,"ced0e39430"
"135.117.250.252",10221,"b0f2173a2789bf55"
"135.117.250.55",10221,"14cd1081f86"
"135.117.251.16",10221,"6e1104047732"
"135.117.251.57",10221,"7ab2d1b2712fa8d3efa4a6f6"
"135.117.251.81",10221,"0544981b56d32e58f17a"
"135.117.252.71",10221,"38e04524e35791a51"
"135.117.28.133",10221,"8572b3ee434487606b59601c"
"135.117.29.25",10221,"38b3e60d0724ca21cbe33"
"135.117.29.84",10221,"36de3acb8c948b30763270cdc"
"135.117.3.87",10221,"9376a111a3e444d1"
"135.117.31.160",10221,"9395e3cd54d6c818ddfb01e"
"135.117.32.111",10221,"69624f"
"135.117.32.30",10221,"a340504ef64"
"135.117.33.247",10221,"d85ac2f411a6a"
"135.117.34.231",10221,"567158d856f8c5c6a85"
"135.117.34.49",10221,"8a3670af58428bc691255"
"135.117.36.97",10221,"6c8ce67ebed8"
"135.117.37.185",10221,"bfafc"
"135.117.37.218",10221,"40680345687b8391d7929"
"135.117.39.213",10221,"059c0912c367f4"
"135.117.42.86",10221,"6f463c6ef6a955e74a9186b9b"
"135.117.44.235",10221,"15c0a033cfa0083b"
"135.117.46.16",10221,"0d943964919795818"
"135.117.46.252",10221,"766886b8b"
"135.117.46.43",10221,"30eef036ec86f172"
"135.117.47.132",10221,"486e10c978aacba980e"
"135.117.47.224",10221,"13203881cb14ef"
"135.117.48.106",10221,"da818226f2edfcf0315e274"
"135.117.5.31",10221,"e7f087d2472c57c828f27"
"135.117.50.150",10221,"a07e0d3c98105"
"135.117.50.196",10221,"5a977c45979734220061cf0"
"135.117.54.144",10221,"362a25a09af8de"
"135.117.55.70",10221,"6d088b7f8dd"
"135.117.55.85",10221,"d18a90a33c4009f4e9"
"135.117.57.186",10221,"9223947"
"135.117.58.72",10221,"b4ecc45"
"135.117.59.6",10221,"3b67ce844e0ab4fc621a40ae4"
"135.117.6.213",10221,"ebd5d3856c"
"135.117.6.248",10221,"9cdb3a7b"
"135.117.6.53",10221,"57b410c401"
"135.117.60.82",10221,"11c771208f6fc16c10e"
"135.117.61.240",10221,"ceb693d93f939e7af2a70c5"
"135.117.61.31",10221,"283a6921e"
"135.117.61.36",10221,"4a178eb934d73a53268"
"135.117.62.33",10221,"12cbd20aa"
"135.117.64.103",10221,"a40a10ab5"
"135.117.64.132",10221,"f5db78c67"
"135.117.64.236",10221,"439e512c4e8d4b1de4384550"
"135.117.65.115",10221,"8d9ca5"
"135.117.66.162",10221,"0804d3ffedc8852befe"
"135.117.67.190",10221,"c62e8d84fd4d6dbeb01756"
"135.117.69.111",10221,"31e3bf89a1695e7f1503e786"
"135.117.7.182",10221,"661ba940b99cf"
"135.117.70.66",10221,"efa9b84d9496e9"
"135.117.71.16",10221,"59074492c3cdd542f5b0c0ea"
"135.117.72.102",10221,"3f18547267f8af05dfb8ebe3"
"135.117.72.239",10221,"a852b1"
"135.117.75.67",10221,"43bb3e168d7bf78a3a0237a"
"135.117.76.14",10221,"777a320828b"
"135.117.76.196",10221,"0d9d93af6bbceae5bfbb"
"135.117.76.34",10221,"7d5c93e681f9b"
"135.117.78.231",10221,"efa611e"
"135.117.79.145",10221,"bba70b99a7385"
"135.117.79.220",10221,"6edcf77b0b94ee09f4b327"
"135.117.79.71",10221,"8eb3196"
"135.117.8.100",10221,"ab94a5a"
"135.117.80.110",10221,"028f080ac2a8"
"135.117.80.167",10221,"74e21a3e0e28e7"
"135.117.80.176",10221,"750deef73edb5b3481f802e"
"135.117.80.252",10221,"d1678efba658"
"135.117.81.103",10221,"5beb5844feed6a9ca05ebaf"
"135.117.81.93",10221,"fe7c91841af5e97485b"
"135.117.82.107",10221,"0a2f9755a"
"135.117.82.19",10221,"f27f5e9"
"135.117.82.93",10221,"4bd75"
"135.117.83.188",10221,"eace8d4eeeb6556c8"
"135.117.84.150",10221,"03afd8090bac"
"135.117.84.31",10221,"84aaa9c0"
"135.117.85.153",10221,"f77ee8138a5e130"
"135.117.85.239",10221,"dfe41ff03d9493a99"
"135.117.87.246",10221,"b71ec35a2d09073b81fd5fa5"
"135.117.87.79",10221,"6a1234e809b28d3af3b"
"135.117.88.69",10221,"c110940781"
"135.117.89.89",10221,"071b32bceb3fea0b84488a272"
"135.117.9.254",10221,"0854deb1f"
"135.117.91.156",10221,"c173a8a49e3c687d"
"135.117.92.6",10221,"843ba12560e5796ad"
"135.117.93.227",10221,"7530f4c5c477efe2b"
"135.117.93.30",10221,"e7efbd5eba0dd4b2e5eda"
"135.117.93.60",10221,"9e2b4fd38"
"135.117.94.121",10221,"ec91d2a9a2fec06bc"
"135.117.94.144",10221,"6506b26e54af636f0d7a"
"135.117.94.147",10221,"5be8e62d04b9dce82e0af6f0"
"135.117.94.66",10221,"d2a0c9c817f209554b679"
"135.117.94.90",10221,"6d1e6b825e5d3c74ae0185a"
"135.117.97.180",10221,"6b415c74e340f08a6a32bc5"
"135.117.97.65",10221,"b4110327d97a2a"
"135.117.98.233",10221,"97ef2f9fb78a7"
"135.117.99.107",10221,"ac495f995f"
"135.118.0.108",10222,"777ea111afe2abf208956"
"135.118.0.25",10222,"77c74a05d18d0"
"135.118.1.23",10222,"8a61df2f704ad7e8f7237"
"135.118.1.58",10222,"40c74b951f0"
"135.118.1.82",10222,"c2ffd76a815ba41302a380134"
"135.118.101.106",10222,"7dfd76fb804b4"
"135.118.101.115",10222,"ffeef74bc66"
"135.118.101.233",10222,"40c038fb135845855505"
"135.118.101.97",10222,"f5e64724e66063be"
"135.118.102.237",10222,"dc6e73931c7eda6fc04ed68"
"135.118.102.243",10222,"be09a1f47da"
"135.118.102.80",10222,"dcae28c1cc84888555e30c"
"135.118.104.184",10222,"293668"
"135.118.104.235",10222,"bcbf123c143cf1f94172ba"
"135.118.105.201",10222,"f539fb48"
"135.118.105.67",10222,"6de3aa6c5a647"
"135.118.105.88",10222,"2db8b5a13"
"135.118.105.90",10222,"aada650e2fbd61"
"135.118.106.102",10222,"d9234c7728a212eb6"
"135.118.106.107",10222,"e8523bc"
"135.118.106.69",10222,"d8bd4512"
"135.118.107.109",10222,"652f90e6"
"135.118.108.114",10222,"87f1b295e6d76"
"135.118.109.247",10222,"b018fa8c"
"135.118.110.219",10222,"0a9b8ca1a013efdef5"
"135.118.110.70",10222,"183cb7818571a1de537ad2c"
"135.118.111.199",10222,"b03c6cd1112e32d1d3251a"
"135.118.112.160",10222,"be5068ef614ef061a09d9d"
"135.118.112.87",10222,"571ccfba9eb3428bb4c5"
"135.118.114.34",10222,"bfad972380e4aa1478f185"
"135.118.115.155",10222,"b406c1c77ede05"
"135.118.116.233",10222,"eb5ec750f1994f587a412f"
"135.118.116.24",10222,"5e02ce"
"135.118.117.142",10222,"bafd5d"
"135.118.117.253",10222,"718632f18ff486781"
"135.118.119.125",10222,"0852834c9e394991"
"135.118.119.192",10222,"0fe372a3db25"
"135.118.119.211",10222,"0c2089e034"
"135.118.12.134",10222,"91fde2079c8c64b4f"
"135.118.12.214",10222,"4d1535963f93"
"135.118.120.188",10222,"70ce744e8ce19d017bf"
"135.118.120.67",10222,"f2683c1750a3b9f21a3"
"135.118.121.161",10222,"ccfbc1ba625ceaf1a227"
"135.118.121.70",10222,"f6a98d187b80e88e"
"135.118.122.151",10222,"ce7395caf68d55"
"135.118.122.36",10222,"cdadfac07372206683cfbc2"
"135.118.123.149",10222,"2628f3c68e08"
"135.118.123.46",10222,"df018138e642a05d0"
"135.118.124.184",10222,"cc258411798"
"135.118.124.60",10222,"b529e6a3957f4bff5d1d71f"
"135.118.126.129",10222,"51252416701017"
"135.118.126.85",10222,"dc16802773c820d"
"135.118.126.91",10222,"2d77378"
"135.118.127.104",10222,"544efac"
"135.118.127.86",10222,"f61de8"
"135.118.13.107",10222,"3fcaff1fba0936bbb"
"135.118.13.180",10222,"a5319f7134939"
"135.118.13.196",10222,"428a6a26ffd"
"135.118.131.13",10222,"9695a92c79ae1827ee9dfff"
"135.118.133.67",10222,"b613e65"
"135.118.134.10",10222,"d27748de9"
"135.118.135.146",10222,"eb726568462e92"
"135.118.136.104",10222,"e874cb482da681d1c0"
"135.118.136.137",10222,"8b38fb915f4ec1208b5da54f"
"135.118.136.175",10222,"86d69eb"
"135.118.136.247",10222,"a3c31ca38e23addd3e1cd5af0"
"135.118.137.129",10222,"ffb1009f2227929ac669d"
"135.118.137.77",10222,"cc8888322"
"135.118.138.58",10222,"6cc878fff8e5bf"
"135.118.14.10",10222,"5253f59a"
"135.118.140.47",10222,"43aca6e"
"135.118.140.52",10222,"e560a584f4a1e74a8"
"135.118.142.140",10222,"8fc1b43"
"135.118.143.143",10222,"0fda9282d092a78d812"
"135.118.143.145",10222,"88e59e7602249ba42292b686a"
"135.118.143.248",10222,"53ca8e"
"135.118.144.82",10222,"8fcf9d34ca645338b7"
"135.118.146.148",10222,"6543b4379409b3b4a0fd4"
"135.118.148.243",10222,"decdd77b1b825aa30"
"135.118.149.252",10222,"2c3c0394e518d6473"
"135.118.15.180",10222,"ec461eb82a86370"
"135.118.15.249",10222,"770e995"
"135.118.150.144",10222,"4b24ffe10e5be3ffeff333"
"135.118.150.226",10222,"9e484feacd98eb8d5"
"135.118.150.73",10222,"53c1c493"
"135.118.151.208",10222,"ca69f193644"
"135.118.151.216",10222,"49f567e6"
"135.118.151.224",10222,"4cb823b31e84"
"135.118.152.203",10222,"ada512359bef3b9c33d3c5927"
"135.118.155.169",10222,"09e073c1e9f6bf47"
"135.118.157.215",10222,"219744996cd240a39e0b"
"135.118.158.121",10222,"efeaa33f1fa8d0ae3c720297"
"135.118.158.123",10222,"dbf6b856222f7820faaf397"
"135.118.158.172",10222,"d95aca9524aff4a8092460"
"135.118.160.174",10222,"07e9e330daf6dbc51405"
"135.118.160.5",10222,"3c4ed6e7a1f795c055c0414"
"135.118.160.9",10222,"4e483d87041cb664df5da"
"135.118.161.107",10222,"6358ccdaf"
"135.118.161.32",10222,"5ca099d"
"135.118.164.218",10222,"15146578bf40069c03"
"135.118.165.148",10222,"3aa16cb3"
"135.118.166.160",10222,"ce8329bb62a395261b0"
"135.118.167.204",10222,"c2d1f"
"135.118.167.215",10222,"7ae8d10e0e8174"
"135.118.168.62",10222,"602a87e5a4bba5884"
"135.118.168.94",10222,"a6f67a"
"135.118.17.201",10222,"bb596"
"135.118.171.253",10222,"ffa6a29"
"135.118.172.10",10222,"4b8a09e9799b8aaa"
"135.118.172.49",10222,"0166c7f7"
"135.118.174.50",10222,"200a770f7e8cd78c2d9948f3"
"135.118.175.122",10222,"cce1c2e823f0d4b7b38b18b2"
"135.118.176.244",10222,"1912926ea4eb7a4"
"135.118.179.166",10222,"e840250fd474c877f9adc6"
"135.118.18.243",10222,"b9e87c19ece4ebbd729a459a"
"135.118.180.115",10222,"c595a753cf0ccb3"
"135.118.181.39",10222,"4c5deb71e97773"
"135.118.182.158",10222,"126300a2"
"135.118.182.218",10222,"57c88348355573f931d49"
"135.118.183.112",10222,"f7cd62e60cc5fb4c71c999c"
"135.118.185.161",10222,"11ed45b5416ea35c67ef7"
"135.118.186.64",10222,"21288e399f149e7e1e66a8"
"135.118.186.87",10222,"ed8e4e2f"
"135.118.187.15",10222,"77ce14657a59cdc2e5f00a"
"135.118.188.195",10222,"8e0a835d8e"
"135.118.188.7",10222,"651ed13329a6c6dd9b35e29c"
"135.118.19.243",10222,"abac507c54b027f"
"135.118.190.130",10222,"970711e8f4805ed141898fc1"
"135.118.190.132",10222,"b1ac7c7402ae6a5eb3"
"135.118.190.137",10222,"012e31d270e35ebf70"
"135.118.190.40",10222,"228523a24bf566ac25bcb078"
"135.118.190.57",10222,"d28c0ae6c61c952509"
"135.118.190.88",10222,"b73843f267e5cb4611df8e"
"135.118.191.59",10222,"36805cdf60be84"
"135.118.194.146",10222,"073d504db566375"
"135.118.194.19",10222,"9499c4"
"135.118.194.210",10222,"534317af664b75729fa45"
"135.118.195.141",10222,"9639ea18"
"135.118.198.121",10222,"53c89a8d"
"135.118.198.144",10222,"39163fb24cb3a07af3e"
"135.118.198.229",10222,"94cb09afc75eb284e679b23"
"135.118.2.251",10222,"36d629ac30f61a8ec23a83c"
"135.118.201.95",10222,"22be8a3"
"135.118.202.155",10222,"a1354d8bfa9d2"
"135.118.203.142",10222,"cc2179eb"
"135.118.205.69",10222,"0b7763f87abe9342d7de34ef"
"135.118.205.98",10222,"84c04993"
"135.118.206.216",10222,"b061b2b"
"135.118.207.161",10222,"10c2fe4c81d4c4d28e49a"
"135.118.207.17",10222,"16eac88ba3cf4"
"135.118.207.198",10222,"e71c6ce362f8d177076"
"135.118.208.71",10222,"93ce13bbb7"
"135.118.209.143",10222,"f1f1befa02d0faf9"
"135.118.209.29",10222,"7867e7c0d6a1d795"
"135.118.209.8",10222,"2b37a408769aa8"
"135.118.209.86",10222,"873b1729608cf7"
"135.118.209.92",10222,"c913a2d1eaf0"
"135.118.210.135",10222,"2fb250"
"135.118.211.249",10222,"9a4fc50e6f"
"135.118.214.50",10222,"5ec10918e2ea3228"
"135.118.215.58",10222,"b0d41a45ab76c3299b"
"135.118.216.225",10222,"eafa0e9162d6a5"
"135.118.218.104",10222,"6b6c41018c3cc3"
"135.118.218.212",10222,"e01364ec"
"135.118.218.52",10222,"ccd3c00f5057b74fc7f8"
"135.118.219.239",10222,"e874b5dba"
"135.118.22.176",10222,"1897d6c93235e"
"135.118.22.200",10222,"74713419a71bd"
"135.118.220.33",10222,"7786c5"
"135.118.220.78",10222,"a38f8fb"
"135.118.221.23",10222,"8c329fc76f7b18"
"135.118.221.246",10222,"4751c8e1cd1"
"135.118.223.215",10222,"904059887"
"135.118.225.141",10222,"dc7dde"
"135.118.225.164",10222,"d4d2b5f9ee5"
"135.118.227.161",10222,"99657a985"
"135.118.228.219",10222,"4071d24ef494bd9cb1"
"135.118.228.55",10222,"e073740c"
"135.118.229.205",10222,"34386b53cad3e682a156155c1"
"135.118.229.51",10222,"393fb313076907c9383"
"135.118.23.123",10222,"213c26"
"135.118.230.231",10222,"fb64a6c2dd31d2f6fb0c8ac4"
"135.118.232.108",10222,"d6c1a96"
"135.118.233.249",10222,"0f00b71"
"135.118.235.109",10222,"2a18ca5469df3a454cee2c21"
"135.118.235.199",10222,"f5f2e7"
"135.118.236.113",10222,"e54ba1a8551d750f24d4b97d"
"135.118.236.161",10222,"0fbc741f01cfd1ee4d"
"135.118.236.44",10222,"492252fb3756299968e"
"135.118.237.150",10222,"935966f32"
"135.118.237.165",10222,"0d07b709fa1060d6a947"
"135.118.237.168",10222,"89ff43902d"
"135.118.237.188",10222,"9a7d65bc"
"135.118.237.41",10222,"917e270df7bc23a010c61b"
"135.118.239.158",10222,"21b878"
"135.118.239.41",10222,"a261a85098e2bdfc87f"
"135.118.24.163",10222,"1758665a155b7d0718f5d"
"135.118.241.72",10222,"51f8e"
"135.118.243.60",10222,"61ce4a9569fcb"
"135.118.245.83",10222,"39dd2909ffe209574a95bd7"
"135.118.247.140",10222,"48a714508"
"135.118.247.170",10222,"c49ad101fe4d6ab7dfb78c"
"135.118.247.95",10222,"854ce4ade3a667d4fff20a"
"135.118.248.181",10222,"4f5109c496dcbbb"
"135.118.248.54",10222,"67577a63f8e96498390"
"135.118.249.102",10222,"7c1cbbdcbce5e557e11e65"
"135.118.249.136",10222,"b84a6db81334"
"135.118.250.175",10222,"bc108b1f"
"135.118.253.170",10222,"110a288e558553e0e05d4d7f"
"135.118.253.182",10222,"4eb3fe9a3c"
"135.118.254.176",10222,"2991cac"
"135.118.254.244",10222,"7bd5f84ba51a405e652852d0"
"135.118.26.195",10222,"e1b511e40b"
"135.118.26.78",10222,"dfa74f142836"
"135.118.29.147",10222,"eafe0ebeab5177cf785cdc92"
"135.118.29.45",10222,"27cb994c4502886a7815"
"135.118.3.236",10222,"d11b83e"
"135.118.30.149",10222,"3969cf1deb6a5f8a"
"135.118.30.48",10222,"cad27"
"135.118.30.91",10222,"bfb86cfc8accb54b096c595"
"135.118.32.44",10222,"c8430e37f94cf29d3"
"135.118.33.171",10222,"7845cf6ffb9ede22e2561"
"135.118.34.130",10222,"af61669b08c9f1bc5c738e"
"135.118.35.109",10222,"373650bd"
"135.118.36.172",10222,"d316e05a8"
"135.118.36.205",10222,"71140"
"135.118.38.196",10222,"5d9030c9"
"135.118.38.67",10222,"a9faa915508aa6d4f8"
"135.118.4.140",10222,"181f3345df14051063b026f"
"135.118.4.220",10222,"945e2d16"
"135.118.41.218",10222,"bcd02822baf4"
"135.118.42.219",10222,"91c1c33fca9a006f4713"
"135.118.42.6",10222,"90deec0c36e93f23cf36438d5"
"135.118.45.25",10222,"3752698ed088b6185e5284e18"
"135.118.46.30",10222,"89ab1d281de8c6bf"
"135.118.48.104",10222,"93e11045aa19b7"
"135.118.49.13",10222,"05052ca8130066768cf3ef7aa"
"135.118.49.92",10222,"710d1aec0"
"135.118.5.57",10222,"c2e1fd1b91"
"135.118.5.83",10222,"ba1e217df1fe156cd26"
"135.118.51.213",10222,"1def06e1ada3b1"
"135.118.52.70",10222,"7508d45008"
"135.118.53.115",10222,"a78f71c"
"135.118.54.107",10222,"c91219a4be"
"135.118.55.167",10222,"d1b5abc290"
"135.118.55.222",10222,"d90fbc5c2ebc201e60f8479f9"
"135.118.57.107",10222,"67b26a6c43f8fccf874e"
"135.118.57.164",10222,"40107bc2a17ef"
"135.118.57.190",10222,"336f7b03106"
"135.118.57.240",10222,"3e62755b8"
"135.118.57.59",10222,"33ee9730823ef1"
"135.118.58.50",10222,"7715242a2b1ce479876d51f5"
"135.118.58.92",10222,"9f354f164f3b00aa72"
"135.118.59.169",10222,"bd750cc92907abdbc"
"135.118.60.41",10222,"3b953a11"
"135.118.63.55",10222,"8a52d38ca1b2198b47032"
"135.118.64.131",10222,"fa939084b725"
"135.118.64.141",10222,"606185"
"135.118.64.203",10222,"034dda362a49"
"135.118.65.87",10222,"3b8d6bff8fa86df0868e"
"135.118.67.164",10222,"764e28317e15cc3"
"135.118.68.199",10222,"6bbaa4"
"135.118.69.30",10222,"bb8a3115f30"
"135.118.7.54",10222,"623c8d9141c6c1b3c3"
"135.118.70.139",10222,"3b231536ec175bf9af1"
"135.118.70.202",10222,"084713daf69e"
"135.118.70.226",10222,"8e8ccab54"
"135.118.72.180",10222,"2fc54c2a34c969a"
"135.118.72.250",10222,"ceaba7ae52a18dde53fe077c"
"135.118.72.8",10222,"dfb1474523bc4b581f8d"
"135.118.74.86",10222,"f14a9c4fdad67ae6ed87349"
"135.118.75.5",10222,"6a0b88b728d7322c3af1"
"135.118.78.150",10222,"51877912"
"135.118.79.104",10222,"ad3b3d715d3b00eb66d6"
"135.118.79.119",10222,"5bbe8298c1242556e2b29d"
"135.118.8.67",10222,"0acb390f5fd5d67a88"
"135.118.80.195",10222,"b53eeae10f49b7c"
"135.118.81.206",10222,"f22f9db773ab8520dd9f"
"135.118.82.231",10222,"dfbe2958fa11"
"135.118.82.243",10222,"0970bbd06858f9930f"
"135.118.82.253",10222,"e02c0a40eee47b31116a"
"135.118.84.74",10222,"81204df050"
"135.118.85.113",10222,"3afd206b66b8be8a44fd2d0e"
"135.118.85.236",10222,"24705b8c90b21"
"135.118.86.141",10222,"12ce33"
"135.118.86.22",10222,"2e05a78759e"
"135.118.87.43",10222,"88de50"
"135.118.87.70",10222,"4210094c24b87d7"
"135.118.89.99",10222,"273044"
"135.118.92.189",10222,"d1195e36a897d126"
"135.118.95.61",10222,"9b4aff0974"
"135.118.96.128",10222,"03757cd012e90"
"135.118.97.123",10222,"0f230"
"135.118.97.160",10222,"1522369cd60249549e44d"
"135.118.97.43",10222,"e77025159015"
"135.118.99.133",10222,"e21b2803836bcd4634"
"135.118.99.184",10222,"19609d49d690c3785c18a"
"135.119.0.194",10223,"866fa23591"
"135.119.0.215",10223,"2ba726bc38"
"135.119.1.194",10223,"f94e328c4f9"
"135.119.1.41",10223,"9a96bd000a4b23ffce5a3c"
"135.119.100.189",10223,"c5b423d66c169f5687c"
"135.119.101.144",10223,"c474980aaf3aac"
"135.119.101.75",10223,"3bf760021e7d"
"135.119.104.108",10223,"693319d1e399684"
"135.119.104.29",10223,"6bcd7cc"
"135.119.104.55",10223,"684e0bea7c1c10969d6"
"135.119.104.7",10223,"6f262bdfcedcdd688c0e43"
"135.119.105.145",10223,"f00dc"
"135.119.105.164",10223,"867c217ba83bcede88dd666df"
"135.119.105.72",10223,"903a1aab15ddcb"
"135.119.106.108",10223,"a8cd25"
"135.119.108.12",10223,"f48c5ca7"
"135.119.108.3",10223,"aadb8784d6d93a3daa89bfef"
"135.119.108.77",10223,"eb5a5e020"
"135.119.109.195",10223,"b8098feae869f51e01"
"135.119.109.40",10223,"e9efb9931a49712dce95"
"135.119.110.91",10223,"ee9ee7ad18210a71c6142"
"135.119.111.50",10223,"50562ea"
"135.119.113.100",10223,"abc6b1bb8bd5c6a6"
"135.119.113.128",10223,"551af61"
"135.119.114.252",10223,"a7bc544d35f004c846825"
"135.119.115.132",10223,"6b1acfb0b0839f641"
"135.119.117.245",10223,"55cdccda3d3cd009386"
"135.119.118.141",10223,"e5d4691974"
"135.119.118.156",10223,"fe8aa4431016acb5b11f6"
"135.119.119.174",10223,"464cdd1ddc6a5c"
"135.119.119.235",10223,"acc2fe81e428a2ee481796"
"135.119.119.42",10223,"8a5bcfbe1b54ad9bc1ebb9"
"135.119.12.249",10223,"fb2f3acc0"
"135.119.12.67",10223,"a94d7294a1a0929289d89"
"135.119.12.93",10223,"1ccd3e88bb0398ddee6b006"
"135.119.120.197",10223,"c119c8"
"135.119.120.4",10223,"4bb1f966bbe760dee34"
"135.119.122.92",10223,"57d973f3fb376167"
"135.119.124.34",10223,"bd8f88b3e"
"135.119.124.85",10223,"7b03fe8252e675445a"
"135.119.125.225",10223,"3f7ae98999118b3d"
"135.119.126.54",10223,"5c496ae43d6e"
"135.119.128.183",10223,"9809e88f"
"135.119.128.209",10223,"6858ef96faed1e"
"135.119.129.234",10223,"084317b1dc90d50baff5752"
"135.119.129.99",10223,"1ef45170bd2f"
"135.119.13.177",10223,"8ac4994a3de0d39"
"135.119.130.191",10223,"c21401"
"135.119.130.29",10223,"35bbf29656359"
"135.119.133.123",10223,"992bb98f276505f6826015832"
"135.119.133.237",10223,"f3448deb"
"135.119.134.252",10223,"fcda080e"
"135.119.134.62",10223,"3febb65375d3f"
"135.119.135.127",10223,"81397f777ec45"
"135.119.136.155",10223,"d6c3db12dd334d95"
"135.119.136.166",10223,"53e95caad0180775aefb8d38"
"135.119.137.40",10223,"7e9b08d1b85debcdfa674"
"135.119.137.64",10223,"7b084e043"
"135.119.14.142",10223,"71877db90f"
"135.119.140.120",10223,"04943f9004e14cdc60"
"135.119.140.193",10223,"e23b579d75b99f5f0"
"135.119.141.228",10223,"cb5b7d67ff7fda0a85e12c53"
"135.119.141.234",10223,"1d8aee7a3d092728e"
"135.119.142.35",10223,"04fb88"
"135.119.143.236",10223,"2672efaa3ea081ad52ad"
"135.119.143.53",10223,"80a6d7855199cfa0ec3bceafd"
"135.119.143.7",10223,"2c71b030b"
"135.119.144.120",10223,"667dc5517a9da36375c2f9af"
"135.119.146.156",10223,"25d82f1adb49eaa78"
"135.119.147.134",10223,"0e9c8e208549cd8265dd3"
"135.119.148.146",10223,"272e5738804967dcd76745d3"
"135.119.148.248",10223,"e253349ec7fe3cb032a5563"
"135.119.148.51",10223,"ede923b30ca8ab595d9"
"135.119.149.15",10223,"c802402a7f"
"135.119.152.69",10223,"b7683e7fe42e772971508b"
"135.119.154.148",10223,"e048d905f349f967ef7fa"
"135.119.156.195",10223,"faa6144e4c302e7f3"
"135.119.156.204",10223,"42e449d0c59ab0dc22d77"
"135.119.157.12",10223,"e44b81c8e1e6f2"
"135.119.158.130",10223,"8cde9bcf"
"135.119.158.164",10223,"ec2e60"
"135.119.158.172",10223,"666cd380bc8274"
"135.119.158.29",10223,"3e85656c8acd760a"
"135.119.158.96",10223,"a014a01bd8e91a92"
"135.119.159.32",10223,"c3fd62019b86"
"135.119.16.156",10223,"235f37f5a85f5"
"135.119.160.218",10223,"5b090ba0b8813ed945f3690f6"
"135.119.161.253",10223,"c8d0d5b"
"135.119.162.151",10223,"8e07931a20c92c04fce942"
"135.119.163.112",10223,"dd233f036a49e4b85d7d4dc6"
"135.119.166.219",10223,"c0dab3ee7d59b3a3d"
"135.119.166.85",10223,"1989e1ff59515f8158"
"135.119.167.240",10223,"6378bd1576c0041303f"
"135.119.168.135",10223,"dda8be66bb6b6f91965387b"
"135.119.17.174",10223,"4584f23b802"
"135.119.170.21",10223,"67b7d94367f3575"
"135.119.171.249",10223,"311ee1c253"
"135.119.171.252",10223,"12a189c1ff68"
"135.119.172.206",10223,"58a20bae820"
"135.119.173.56",10223,"12d55dad4dcc2aa00"
"135.119.174.231",10223,"be315c1bc3"
"135.119.174.81",10223,"6d45492c95b"
"135.119.175.192",10223,"29bccc24a792b3643771308a"
"135.119.177.99",10223,"11847e9579ea1d0836a4"
"135.119.179.231",10223,"31cc5099"
"135.119.18.143",10223,"ec1a0491202eb7c04ee8cec"
"135.119.18.147",10223,"8013c0f787e425e27758"
"135.119.180.252",10223,"fa6f113"
"135.119.181.81",10223,"3500a"
"135.119.183.101",10223,"869bb8e1889991"
"135.119.183.127",10223,"026573"
"135.119.184.180",10223,"bc1a4641516c74da3f8"
"135.119.184.60",10223,"ee961a309"
"135.119.184.69",10223,"7bda05cbc2d38e7fe40c"
"135.119.186.86",10223,"1b5cf967"
"135.119.187.109",10223,"bb7c34"
"135.119.187.24",10223,"ddab35f6bd1aac9928"
"135.119.19.86",10223,"d5eed4d38d44a923c"
"135.119.190.187",10223,"d3c027e37"
"135.119.191.11",10223,"a629316678b735c3bb9"
"135.119.191.179",10223,"29466232bfcb0ef344b354372"
"135.119.192.16",10223,"0c7d757c0a1"
"135.119.193.135",10223,"41078290a37c08a1"
"135.119.193.175",10223,"faaa4ab28e46d"
"135.119.193.190",10223,"7e963b6"
"135.119.194.131",10223,"31ce1cda6e5601fb8d00c"
"135.119.194.38",10223,"e1a4c757a2"
"135.119.195.139",10223,"449532661a1c08a280ac41c"
"135.119.195.171",10223,"60267628f1d772e"
"135.119.196.154",10223,"ef76ae0f7"
"135.119.196.199",10223,"1205155"
"135.119.196.82",10223,"8b0086fec8f7f451f"
"135.119.197.180",10223,"6937916f0"
"135.119.197.203",10223,"601075fab30e"
"135.119.198.138",10223,"af6cac69"
"135.119.199.138",10223,"9ae50553d1"
"135.119.2.51",10223,"a43c07604658dfe66940"
"135.119.2.61",10223,"10adc9f"
"135.119.200.16",10223,"3d2e3dde3215d"
"135.119.200.238",10223,"34a508cedebdc60fe559"
"135.119.200.85",10223,"3233d887"
"135.119.201.61",10223,"8c9d262c60"
"135.119.202.30",10223,"c67cf5f0da1"
"135.119.203.193",10223,"65b9918"
"135.119.204.19",10223,"2d8037926805b79960"
"135.119.205.13",10223,"0cf5542a4ac92c0a817"
"135.119.206.250",10223,"538f5b86e8bd483586c2212fa"
"135.119.207.15",10223,"ab2979e56e047c683708c"
"135.119.208.164",10223,"7c1a27ba"
"135.119.209.174",10223,"8cb1407aede69"
"135.119.209.57",10223,"ee4c3b341ff2f1c66"
"135.119.21.2",10223,"5642b822b8cb71f7"
"135.119.211.114",10223,"5d10b3fd3e7a7"
"135.119.211.132",10223,"3eafedf1"
"135.119.211.151",10223,"e0968370fd4d"
"135.119.211.177",10223,"ddcbe7e95d1e6bc68d"
"135.119.211.5",10223,"99e8885c021031c"
"135.119.212.130",10223,"cfe8ef1a2a93e3"
"135.119.212.26",10223,"ebef5d74"
"135.119.213.113",10223,"5b24820845"
"135.119.214.101",10223,"9ea442714d2128964948a09ae"
"135.119.214.130",10223,"25c494b6ef2a84519f16"
"135.119.214.3",10223,"6423486c779e752e697ec81"
"135.119.215.14",10223,"be5d11573f861fd942f3"
"135.119.215.164",10223,"aa2df95ff86473e5451"
"135.119.215.75",10223,"adbda63c168025"
"135.119.216.157",10223,"60555870fa134"
"135.119.216.212",10223,"c13d545a610"
"135.119.216.213",10223,"6d976d6c06a413105b2d"
"135.119.216.99",10223,"f086665"
"135.119.219.136",10223,"e33c914b7"
"135.119.220.171",10223,"d8852586a7c02"
"135.119.220.26",10223,"c205153ca7bbe2e5eb8"
"135.119.221.34",10223,"bae0120f1c6e2b056adafad"
"135.119.223.17",10223,"64bf7f39310b2b5d08a7dd"
"135.119.223.245",10223,"7675e"
"135.119.224.244",10223,"de53395"
"135.119.225.115",10223,"d812a"
"135.119.226.53",10223,"cf526b86f"
"135.119.227.68",10223,"ba49b"
"135.119.228.128",10223,"50b473971"
"135.119.228.23",10223,"de5dae00a029fbc8"
"135.119.228.249",10223,"371f04457ca6a29983"
"135.119.229.110",10223,"b2c2f65"
"135.119.229.113",10223,"44984b8119b9b"
"135.119.229.93",10223,"18e401"
"135.119.23.131",10223,"c32cd1f4365c57b"
"135.119.23.36",10223,"7ed776e4aaad"
"135.119.231.125",10223,"4a2ec10a"
"135.119.231.132",10223,"35baba64d6baa"
"135.119.231.187",10223,"b3a566"
"135.119.232.1",10223,"6ddfc6fb"
"135.119.232.26",10223,"795cb6c2656db2c8a1f"
"135.119.233.135",10223,"baad5dc9a4f415ea1cf6a33ad"
"135.119.233.187",10223,"37a784a32c094aa3c2a811"
"135.119.234.143",10223,"f4b7a631"
"135.119.234.164",10223,"0204e0ca71a1d711832ac7"
"135.119.235.186",10223,"3c9c56b475d84995b2bab"
"135.119.235.49",10223,"0b2cb347"
"135.119.236.32",10223,"485d9b3fb5e"
"135.119.237.187",10223,"87248"
"135.119.237.243",10223,"05190314"
"135.119.238.104",10223,"5bd6ab7ceba4daacf"
"135.119.238.159",10223,"adc6b7911a6391ddf7f8"
"135.119.240.101",10223,"5e07a9204f0c6"
"135.119.240.175",10223,"d2b9b888ca04"
"135.119.240.79",10223,"ae8688bb30dce16139df83"
"135.119.241.10",10223,"1c90639c903ccefe7889c32f"
"135.119.241.173",10223,"1e5e0f"
"135.119.241.214",10223,"aa3a9d957a9cc9"
"135.119.241.219",10223,"fc4979465c"
"135.119.242.101",10223,"145ff9e1ef5c3450d283"
"135.119.243.173",10223,"a71111abfc5"
"135.119.243.214",10223,"75b8ef068ef1fe8d"
"135.119.243.236",10223,"e3b2909343e"
"135.119.244.244",10223,"98e86950"
"135.119.244.35",10223,"222e01bad3039e51e748f962"
"135.119.244.52",10223,"0e440e29f98"
"135.119.245.218",10223,"7c1dbff77e29759b"
"135.119.245.48",10223,"2300f464153d4d"
"135.119.247.177",10223,"925e8e2"
"135.119.247.202",10223,"473c86e80c3c37d583707bcc"
"135.119.248.166",10223,"546d697868df6"
"135.119.249.35",10223,"9e817976295b9968c"
"135.119.250.73",10223,"a485f"
"135.119.250.88",10223,"41b3cabbe75"
"135.119.251.159",10223,"1d6eb442ef59803b899d2385"
"135.119.251.208",10223,"282490981ca0da"
"135.119.251.233",10223,"1c2683d08f4574"
"135.119.251.235",10223,"664b50e3239c95ac8"
"135.119.253.162",10223,"d0d96e4ad4bba75"
"135.119.253.192",10223,"4762ebde475d9308367de8"
"135.119.253.196",10223,"40dd257a5516c978fb8552c5"
"135.119.253.209",10223,"2d4533f06c9d1051e69"
"135.119.26.153",10223,"5f8d63ffbbf7ba927"
"135.119.27.180",10223,"f96264d45505f2fd83"
"135.119.28.139",10223,"a955da61c66c79b"
"135.119.29.156",10223,"287940a72024b3ec87ea14"
"135.119.29.209",10223,"701d4dc07f31"
"135.119.32.241",10223,"290a0f5dded1d45e5521cc23"
"135.119.32.38",10223,"5f990ca4"
"135.119.35.174",10223,"9562fc6c8a535ea83b5"
"135.119.36.152",10223,"8083d5"
"135.119.36.234",10223,"493e646c1b3cc8cfdd"
"135.119.38.208",10223,"1acf93b84a1c6ccf2e79b7"
"135.119.38.41",10223,"c0ff6ad88ee24393db8fc62d"
"135.119.39.107",10223,"e235abe2d9"
"135.119.39.133",10223,"3e5435eb7a863f0b8f"
"135.119.40.20",10223,"0794c4c7fec34"
"135.119.40.221",10223,"413967c9a854c5"
"135.119.40.59",10223,"5664e1c2784a0fb98"
"135.119.40.99",10223,"602fd81382d"
"135.119.41.6",10223,"57646f521"
"135.119.42.18",10223,"1140fb4be8b46ee3c39d"
"135.119.43.160",10223,"e00a2d5b16dfb9"
"135.119.43.236",10223,"cf4ea86e6319e7080f368b"
"135.119.44.225",10223,"148019459c"
"135.119.45.64",10223,"822f3db9f65"
"135.119.47.17",10223,"cb46bf13b58c7dc5feb81fc"
"135.119.47.196",10223,"68b5cad756e6e"
"135.119.48.169",10223,"19e529f59"
"135.119.5.170",10223,"9fdc77"
"135.119.5.56",10223,"bfd6e67838bc3a32e11bd4327"
"135.119.50.179",10223,"960952cf4b60942211a98c02"
"135.119.50.241",10223,"eac402"
"135.119.51.83",10223,"bb23b97219121414bde"
"135.119.51.9",10223,"d3883a41fd91cf8872f"
"135.119.54.177",10223,"bfca1c45530e78a7b14aac9"
"135.119.55.201",10223,"202958"
"135.119.55.226",10223,"2b119069c130"
"135.119.57.148",10223,"207c5b334a254634e2"
"135.119.57.4",10223,"e85a926e420f2fd3d11c24"
"135.119.59.105",10223,"4fc8fa86"
"135.119.6.16",10223,"309ab53e9ac"
"135.119.60.121",10223,"d30898980"
"135.119.60.198",10223,"2c6b310f7489bea8bddc1"
"135.119.60.50",10223,"284b8b8d52"
"135.119.63.99",10223,"09f4c268a4cb5"
"135.119.66.193",10223,"bb5a8cc2e6ffdcd"
"135.119.68.133",10223,"e2780d5d1fdbd0"
"135.119.69.113",10223,"0d37f29b428e3c1927"
"135.119.69.126",10223,"b487bb63d119"
"135.119.7.18",10223,"c07a56b9029b7af"
"135.119.73.89",10223,"c016530d4b"
"135.119.74.37",10223,"c9e3a2521b"
"135.119.75.104",10223,"0f32c7"
"135.119.75.90",10223,"736cd490f112d86681"
"135.119.77.214",10223,"00c9a1f0"
"135.119.79.205",10223,"9a1fe1d2b98"
"135.119.8.230",10223,"d4ffacd"
"135.119.80.118",10223,"aadbfddf19ef81"
"135.119.81.7",10223,"926ea82f52"
"135.119.84.104",10223,"9a4c67d136"
"135.119.84.152",10223,"8c57c33a39ec2820eff43c07"
"135.119.85.133",10223,"918361cb884c578b78e1"
"135.119.85.214",10223,"d1ef3f41be020be"
"135.119.86.224",10223,"f6582d129a0b2519803a5536e"
"135.119.87.10",10223,"2f803a69454721"
"135.119.87.114",10223,"2d5dcc6f507a8f"
"135.119.87.31",10223,"6734ea880acf3e0"
"135.119.88.12",10223,"43f8a871f073a0a41"
"135.119.88.33",10223,"7be13a8734"
"135.119.88.86",10223,"be008154b356a8a"
"135.119.89.168",10223,"407fd8fd1decf8b0d2a"
"135.119.90.56",10223,"c3753bbcaa197e7320e959"
"135.119.91.91",10223,"ec21ee22c"
"135.119.93.157",10223,"1472b79dd6b51e0a2d"
"135.119.94.71",10223,"716949062fb3bc"
"135.119.95.93",10223,"51caf74fdf29a43085ad"
"135.119.98.172",10223,"520605f37"
"135.119.99.122",10223,"9746b1126ec3efb53bf"
"135.119.99.21",10223,"30d0b7e88934eb72c9"
