"word","word_hash","word_id","firstseen","is_topic"
"ecaib",-4112599753838485377,304661584180034944,"1970-01-01",t
"jdqlmg",-8645818167120512588,8035190029123981312,"1970-01-01",t
"dxcdyaqssanijsoi",6484257741578257190,4667828706045253632,"1970-01-01",t
"wtkbpnv",-2322297835840164006,670664903067929728,"1970-01-01",t
"jabthb",4290763843514809099,8719674910052611072,"1970-01-01",f
"wphnsn",7815319286678965216,7646768492190699520,"1970-01-01",t
"gjtndjg",-8075079133520618714,3091009604591540224,"1970-01-01",t
"dkututy",5578603471210274343,7419414053521116160,"1970-01-01",t
"xlcaxpbrlgwo",-1392437615372499729,2578599155697554944,"1970-01-01",t
"jjnfthafwwk",4101922050435409698,2114112225388110080,"1970-01-01",t
"vpxhrknujq",8253876164397903812,3868867539402313728,"1970-01-01",t
"nehxnhqfltxjamayl",1716268234704700289,5224638607753871360,"1970-01-01",t
"kacs",-739872474501552952,74410444953455200,"1970-01-01",t
"efxkljsi",8821251463297163737,6163336662090583040,"1970-01-01",t
"wybm",1059414113966532370,8780142212837862400,"1970-01-01",f
"fqf",-3213492277339701525,4955252709581420544,"1970-01-01",t
"fybws",-3498419858372752460,3310615415137142272,"1970-01-01",t
"hedcgqrikuhyycqk",538744613232930596,8633126123422632960,"1970-01-01",f
"rqmquikuk",-6902650853246970864,3235581437730744320,"1970-01-01",f
"uxegpluooxqe",-7979965805457435504,629712908424156800,"1970-01-01",t
"aftpuqjtsbbka",2849631387779794786,1724084255101545472,"1970-01-01",f
"lagg",-4192493624150028572,2392192101557338112,"1970-01-01",f
"gdedonxactbitk",-1493426852112712903,3040863184472537088,"1970-01-01",f
"pmupnhslg",4194645391580895897,6566271091231891456,"1970-01-01",f
"cllclxpdcs",-6752475913186994749,916939923942323712,"1970-01-01",f
"kimbsrkrg",-2062903781837662760,6224080678124578816,"1970-01-01",f
"xsvxtofe",-3611923661395254761,8646409436213422080,"1970-01-01",t
"vulvo",1365634447547949895,6044812805310456832,"1970-01-01",t
"kpnyiguefoiqx",8834988006123165145,1847926043905411072,"1970-01-01",t
"rkgmw",1146856785829758819,1596879720443806464,"1970-01-01",t
"ejdsler",-7703605076763033082,7583417694375956480,"1970-01-01",f
"jadefqjiljjo",-3167866011740510443,837798451294756096,"1970-01-01",t
"vhirakybthxckn",-8502727946758408374,1060531062121795072,"1970-01-01",t
"vqceabtjkvmoh",-3825744995810748386,5187405771734247424,"1970-01-01",t
"fbxdlltkg",4431312267187082737,5986848212122849280,"1970-01-01",t
"boulkcxekn",-3982986793056856033,7285599769875642368,"1970-01-01",t
"nknmrcskv",4954067231855583392,8581512064610890752,"1970-01-01",t
"niwdhvhvubpyp",-1992118318766882855,4357064697990162432,"1970-01-01",t
"tcjmom",193279512334925021,6916710066167709696,"1970-01-01",f
"dsihpkqom",446873190498083593,6051355950371493888,"1970-01-01",f
"xgyvsjhtu",5527481612166857295,5075488286676520960,"1970-01-01",f
"menjpngy",-2681416108727505235,34682117080077900,"1970-01-01",f
"qbblensqd",-7052166402490809702,4099217083914761728,"1970-01-01",t
"ygligwfhmfddwt",-1045933461469627807,4744727835119066112,"1970-01-01",t
"criyagveqpnnicoxf",7184767590862974194,2328937157258170880,"1970-01-01",t
"hjbno",-8055602247599956684,4366930000639731200,"1970-01-01",t
"lnvseifqvljvvkwc",-6350910551486103782,3177265523671229952,"1970-01-01",f
"lhwgwr",8915523722963482977,4458003558442093056,"1970-01-01",t
"xdcfjdnefvu",-41196511367801541,6913004919524733952,"1970-01-01",t
"kxlkpeahnwp",-5814641139327234579,5077133869379144704,"1970-01-01",t
"qwftoiydvbqro",-5082950397953753084,3062345760498075648,"1970-01-01",f
"uiqkrjmvasbgxe",-6034021915782578368,2732726445394782720,"1970-01-01",t
"ffp",7654103017106711434,5943513901515979776,"1970-01-01",f
"qsydjtkwpxuo",-3380507072287206225,2187352339995367168,"1970-01-01",f
"xrlxwsikfsbuf",5480631676207340183,3044587673230355456,"1970-01-01",f
"loofcdtih",1925641441350045720,219594460941448928,"1970-01-01",t
"wlkwqphyxmpajobse",1623660796209673927,4535974225438857216,"1970-01-01",f
"mgq",23336978389012641,7677224530983448576,"1970-01-01",f
"epgnhrkrbi",4624248363778539436,1346355897554405888,"1970-01-01",t
"aqkykpnwpfhua",5205286072414959853,183659273954125728,"1970-01-01",t
"vpynugxqnwcns",7370016017235132886,6479676100631752704,"1970-01-01",t
"abtlefxwqsm",7057037394732392744,1239693209962145024,"1970-01-01",f
"eswvv",-4076539934715740538,4261666020860436480,"1970-01-01",t
"ntx",-7026325911437498079,3984473133150410240,"1970-01-01",t
"pcxvnqgfxv",-1078730207655280166,8171205178913245184,"1970-01-01",t
"snomo",-1778007368508555109,2178359203483223040,"1970-01-01",t
"wubrrjursvtqteia",-1550350231887863832,7821132002750531584,"1970-01-01",f
"mgik",5267602593183113825,8656833178443533312,"1970-01-01",f
"mkbenbdccpjsaaf",7330731071564410477,3784786354125794816,"1970-01-01",t
"qihppget",-5635584791104001718,2239798110790720000,"1970-01-01",t
"widlaxobeseiqh",7401917111516878077,909162274119017856,"1970-01-01",f
"ynoojbywlljblcj",7511492687687840585,2454089397277065728,"1970-01-01",t
"xtnlphewcqlh",3045383486055172901,7435525367493609472,"1970-01-01",t
"vjscveeqbkit",-7635437033080751073,4821184652377907200,"1970-01-01",f
"qwakl",5633212732674575758,7356980567264238592,"1970-01-01",t
"kakfyyok",-7573737579221345438,7272284796471153664,"1970-01-01",t
"msbtg",5942970714323604616,5890348612852298752,"1970-01-01",t
"qgphmewtohwfmxsv",-1495902499728246009,2160515491980389120,"1970-01-01",f
"icnapelratsx",8658208727411399579,6695771566441756672,"1970-01-01",t
"lywhaorm",-3648440944875687797,4976072654678670336,"1970-01-01",t
"nhyfcdxyfi",8816888967362036979,5231746612598456320,"1970-01-01",f
"oehvhg",-30757344185117437,7250483990949902336,"1970-01-01",f
"jcyxdxv",-4457894592383017491,4901831119111615488,"1970-01-01",f
"xdwlatreaqfsl",-6378317101783092523,9006481646191436800,"1970-01-01",f
"rudnf",-5998197727316968049,3725960079077172224,"1970-01-01",f
"orrwfgjtdgle",-9695593112662860,385785902759934400,"1970-01-01",f
"giqumung",-4454632354401884479,2876437633339690496,"1970-01-01",f
"qh",111735375477203814,475618890794305408,"1970-01-01",f
"crhpjb",-1524718910220639945,7585944749556000768,"1970-01-01",f
"mlsejjptdrgx",1315864806223171892,3188955099303410176,"1970-01-01",t
"iftaaemfjvsm",4990126294407021041,5713800637171708928,"1970-01-01",f
"nasiinxdjhchg",4414467373532142783,3968797261827815424,"1970-01-01",t
"trfarem",-6217785897882957333,7770290476371919872,"1970-01-01",f
"ojnd",-419353436870949328,8628121658152901632,"1970-01-01",t
"hqrvhf",-1955402176531620669,1073636701887244032,"1970-01-01",t
"gxswxnr",-376028349830901176,5355476193249512448,"1970-01-01",f
"pmoxallaespch",-8324495058329224019,6759440915964140544,"1970-01-01",f
"xujwntkiym",9043827787460353265,2436947623403252224,"1970-01-01",t
"wgvkhxlycomn",-5898950545656080706,4839972722610923520,"1970-01-01",f
"fuuxjrrxt",-1431255591024347369,4199478508473466880,"1970-01-01",t
"svmpevbhtdbe",-7722158481154382324,5700680341684875264,"1970-01-01",f
"hxfi",6332967744925469699,9146371266164368384,"1970-01-01",f
"vdkoajnenui",-2778832834827443920,817785618671005440,"1970-01-01",t
"taoifcwrr",540738152026522359,2447745110267727360,"1970-01-01",t
"oxrbpivvfbyrcl",-4738345280645443940,3189279323681209856,"1970-01-01",f
"dwbvindrtfuys",-5000375587732690094,769880567519832960,"1970-01-01",t
"ipjqyywo",-1699739852375672138,4490420198984121344,"1970-01-01",f
"upakfrb",-6732905532129544949,6976841763626718208,"1970-01-01",f
"khjoupqwsfrbr",-5468016651141208286,9193086668815727616,"1970-01-01",t
"tpdjpiokdshuqg",-33937032099698132,1199486000419866624,"1970-01-01",t
"qrh",194154845339978178,2490207428737283072,"1970-01-01",t
"rjgvrpfyxohspaw",-5950120807927191346,3644447569825340416,"1970-01-01",f
"ujosuhexdro",-8856686650628967052,6603019362617769984,"1970-01-01",t
"ucoiitw",-8647546722642853851,8509489728708301824,"1970-01-01",t
"iqygxx",-3823412404446409759,3550929894322503168,"1970-01-01",f
"vwtdoep",-4868297041248729725,2112976249905796864,"1970-01-01",t
"qrmqjfcliyhov",5715667536386389991,2854474653953785344,"1970-01-01",f
"hrtiftwxfulfvvfj",2107049540859086537,3447008390148142080,"1970-01-01",t
"lid",7108693449885115542,3962940634686848000,"1970-01-01",t
"sraw",7519852938727331427,9035642714842430464,"1970-01-01",f
"kxepdyksmunjucxhj",6885866075354245802,403349019181824768,"1970-01-01",t
"fndarlyrgvive",4831410735353392676,3223298364099828224,"1970-01-01",t
"spxcpjkkdirxe",3695879239279230111,570276814860737536,"1970-01-01",t
"knqhfjltkclfqnmv",-5791966371430689164,494695365793953664,"1970-01-01",t
"nrefofhebucithy",-5818798549726127290,1651232974680877056,"1970-01-01",f
"rfcnafgcyxop",8084322812413684379,6021818339822737408,"1970-01-01",f
"wsmdnmxlqw",2725682379863610155,8920566697753896960,"1970-01-01",f
"leuhiiwrtpkuyb",-2548807496367048014,3752434136065021952,"1970-01-01",f
"vlr",3097066688315876029,2111701958764850176,"1970-01-01",t
"engmcacj",8416251105564879583,2334638220155684352,"1970-01-01",t
"atsxuhrr",4015035013906272581,8795749273928365056,"1970-01-01",f
"slfhrlnijxjxsv",1471258187915717392,7087365873406789632,"1970-01-01",t
"tuwoocbtay",-1250202930513005309,7862281069392189440,"1970-01-01",f
"obrrrwadksyx",-1068183326110806203,1418739152836594688,"1970-01-01",t
"irjnksucbvgl",-6407111424735195829,9107482833237763072,"1970-01-01",t
"cgcymcjfx",-2486308018632704879,5347358782440885248,"1970-01-01",f
"pwfkrlvcpldhmkxjk",8050311239309428061,1225716961295949824,"1970-01-01",f
"wcnh",5701978903285619138,8506600219282811904,"1970-01-01",f
"uidy",7739543800644059210,5087706616383609856,"1970-01-01",f
"epl",223428976897832164,7087738489304815616,"1970-01-01",t
"bploytkphhjnfvg",-3283540976869651779,4629732472403430400,"1970-01-01",t
"hjmjv",-8158746123804062477,5024976991096462336,"1970-01-01",f
"cwkau",4607798137885560002,7870874946185730048,"1970-01-01",t
"sglmeg",-2098841026830664314,1506315759699697664,"1970-01-01",t
"isbcqqykmwwha",827423760198925133,1521092641642393856,"1970-01-01",t
"wjpxsxcjtca",-4186452819449401134,6472977340989528064,"1970-01-01",f
"sjbptdatlhtcr",6608489628838647222,368275334562811840,"1970-01-01",f
"bpgidhmygukjaurmj",7633776477951368516,2102590989061280512,"1970-01-01",f
"btf",-6756396349227289955,6898283808738560000,"1970-01-01",t
"bwngsnufucseeat",-8333188981515934719,2468310329459333120,"1970-01-01",t
"dighybmcpbrbm",-8468937918942835877,1702468988383734784,"1970-01-01",t
"xrsnadlvy",-1119890415174370245,5246457757798825984,"1970-01-01",f
"ydpnirqsqp",3836575952213218093,1115733960612190464,"1970-01-01",t
"obnprqyuhcev",2787685697632056442,4060600086481233408,"1970-01-01",t
"yadq",-8669747255989755893,5568875787060506624,"1970-01-01",f
"jbsgy",-3270318827080561768,3074153621150094336,"1970-01-01",t
"fnw",-3758475194420652029,1314925294635896576,"1970-01-01",t
"dulmsjwmg",6989235092469652652,490069606203062208,"1970-01-01",t
"tbnveyjnwj",-6858262496317168185,3481028256585475072,"1970-01-01",t
"xbhetghpotjhhjhv",-4126571981932760539,5572204971123539968,"1970-01-01",t
"upwnwh",3902582397215756507,8667258150479098880,"1970-01-01",t
"fyjultinqegn",-1885491431913430204,6759925666267157504,"1970-01-01",t
"idkqysfprnlfkpb",1511036185279903452,6477987962489901056,"1970-01-01",t
"erwnpgwpiv",-3779464535529211362,7872561152621135872,"1970-01-01",f
"tbwdwtsoawu",-2174204896285341633,2490062407050339840,"1970-01-01",t
"dduiaxyxl",-8552396409091591946,8245036920659780608,"1970-01-01",t
"hmb",-4154868111824985222,6349186497145408512,"1970-01-01",f
"ttg",-4600552000677802961,6101534040568669184,"1970-01-01",f
"vltotquj",5512795917120346096,2877954244534455808,"1970-01-01",f
"qkickqwvskyqurmx",2969026066486194249,5941330422573991936,"1970-01-01",t
"twlss",-494335848956357981,6786869557211987968,"1970-01-01",f
"efkduuy",8833967004541461212,3476815025464980480,"1970-01-01",f
"pokrkg",2741364100372871306,4664643821832762368,"1970-01-01",t
"fhftjjixlchr",3336703405561679356,1246951250555361792,"1970-01-01",f
"beparbhxlrynqsx",2150139185100265173,2898498800430275072,"1970-01-01",f
"oeqedfgo",7748979623975863095,9163800595484776448,"1970-01-01",t
"dqguirfyaxe",-5966995474458449013,1843603433819205888,"1970-01-01",t
"lhpdhtma",-5316682139919929877,7256082564360714240,"1970-01-01",f
"wfj",4058728787633457434,8869316304559965184,"1970-01-01",f
"oah",-3176957401575131782,9178186567129156608,"1970-01-01",t
"xpnwk",3054624072426441417,3647551822894967808,"1970-01-01",f
"qshdsxybqjxrd",-175778625676924826,322636122136201728,"1970-01-01",f
"wjmwouahhgocc",-6204202841648408473,5293939830233569280,"1970-01-01",t
"xrwqmwmxvbdatc",-6137801319145655978,6102083250875471872,"1970-01-01",f
"hqobdpo",-8832172519611845429,7064347140262924288,"1970-01-01",f
"yshbgylwohvqu",-1172962548984282856,7822742471564975104,"1970-01-01",t
"bjjf",-8501990563581885362,560644614239521344,"1970-01-01",f
"ltewxomvs",-7315705760227666527,8563933348964553728,"1970-01-01",f
"douqc",-1954119946790646410,1866051137533404672,"1970-01-01",f
"kmsg",-8694165280975468446,3168786747069889536,"1970-01-01",f
"fdnwdgbi",-2290064760047098429,2988347990297716224,"1970-01-01",f
"fwgejfujrccrclx",-1441258222124823306,5700938326439477248,"1970-01-01",t
"cnqigiqmi",5352231145149546464,2540948339881813504,"1970-01-01",t
"nmh",-111090923855671138,3611558264128105472,"1970-01-01",f
"wetkxjqobkc",4374929411307971050,1654682299198380288,"1970-01-01",f
"imskmkeiewkhcdxu",-5423381327111550619,7421392019163429888,"1970-01-01",f
"ffbxvrgybrmk",-810353308164345483,2787010669279975424,"1970-01-01",f
"snygrkpkbat",-4797567973936219158,8487615163245898752,"1970-01-01",t
"bhqdrpv",7266746702044175446,9026434576263700480,"1970-01-01",f
"iefgajrkvvjfm",1955301411290763295,4608246751717930496,"1970-01-01",f
"jckojwapmvdyju",-6612990601355290396,2347971422432863744,"1970-01-01",t
"hkqv",-8117962707684723230,2870425509700884480,"1970-01-01",f
"xncsh",3529792727043334230,6885834502631151616,"1970-01-01",f
"mpepho",-5342437619380541229,5947079883612340224,"1970-01-01",t
"vpawcjrmufvpukqi",-8875091432829332977,428226995026139968,"1970-01-01",t
"jxwtwokxsigfgwmc",-4622336534944383512,6448758447206302720,"1970-01-01",t
"vmn",-4780807345186292547,820239379350220416,"1970-01-01",f
"krrwfdah",6506183657543875962,7914912324013508608,"1970-01-01",t
"sxwhdv",978821711721922709,1497652977179951360,"1970-01-01",f
"mpiq",1933492463231786852,5806986458326173696,"1970-01-01",t
"cik",-2049967286684716908,8868059733662308352,"1970-01-01",f
"ldtfa",1882356325988462370,1494310740974243584,"1970-01-01",f
"tnnsfpxbetqoixm",2844561687561232633,183082800957542368,"1970-01-01",f
"xvbuunrtshrb",-5868873061914785814,6024534127049219072,"1970-01-01",t
"urigwxel",3467047755946857210,6255920523249583104,"1970-01-01",t
"jyl",-8342697243500536407,239958993020771840,"1970-01-01",t
"pht",8620674550958455951,1816344243458943232,"1970-01-01",f
"ixarjoawoprawp",-854343922013403918,9222883030995676160,"1970-01-01",t
"tljlkassbcgb",4273088132757386303,5456185067328700416,"1970-01-01",t
"umynmqwmval",-1836279720493796594,3029267599970058240,"1970-01-01",f
"vsrg",5860031195492886149,4623246081555229696,"1970-01-01",f
"euwaopx",-8025574574912492552,8379588046969171968,"1970-01-01",f
"xda",3197123918475634087,6397092003912873984,"1970-01-01",f
"ybofbtmwwsiwiq",-7841949617413444167,9120351822412496896,"1970-01-01",f
"nseijfxvoufo",7652077089454870762,7625038913012921344,"1970-01-01",t
"dpfynkbujr",-1070289714760383130,6049581673782258688,"1970-01-01",f
"ocwh",-5655183397493991094,8680049774473677824,"1970-01-01",t
"hjdsr",-4320403704083528381,1433065109926416640,"1970-01-01",t
"pnowghdqbr",298083356860925852,3193007258712056320,"1970-01-01",t
"kncguojih",-4146914944212792630,1592857013372444672,"1970-01-01",t
"lprrwdsxemjlpms",2117477651854034,59468723147535632,"1970-01-01",t
"vqypgwoxaw",1724927824042680067,1792693869924468736,"1970-01-01",t
"fynxgniip",7122133831022874878,6947484735338844160,"1970-01-01",f
"grdk",2573767900810715193,7110421773655959552,"1970-01-01",t
"hmtbpohouiv",-9168354382241083940,5665441790989787136,"1970-01-01",f
"mqfpwvwvp",790970111878882824,88951169919757360,"1970-01-01",f
"shaorjfgxwcrn",-7402181172772535931,3639887442303431168,"1970-01-01",t
"pboanu",8995054305704897423,5880932084866840576,"1970-01-01",t
"jcjylisytgrgfivi",-6926105517399258079,2588260424829433344,"1970-01-01",f
"tcygnkxrrsgdv",-6580037745826340135,4010470839973287424,"1970-01-01",t
"lkinqv",5541422793453964732,3595528834668520448,"1970-01-01",t
"yxuqewosttexb",-3051721074773760259,1705544681183341568,"1970-01-01",t
"glifgttgxdskedq",-5091813435214241015,274359665840901696,"1970-01-01",t
"hkvjxuimde",-1969592254552259562,1164893930333383680,"1970-01-01",f
"gvatqbpr",294995272892298240,508856600134206720,"1970-01-01",f
"xjhdpvhqbjtfyd",-6503521815582727673,3302019847515951616,"1970-01-01",t
"viidshh",3575475755259343882,2108558119632418560,"1970-01-01",f
"rn",-4228265166017879912,2760601580628853760,"1970-01-01",t
"cdrhnddxnnfjmmn",-7887196993301855841,4220675435710736384,"1970-01-01",t
"mullshyiwbeebpbe",-8268760975802034090,2551734491726812160,"1970-01-01",t
"wmyplxroyxigcqa",4722292076252938089,9003207013546125312,"1970-01-01",t
"wvgxxdugquco",4104722369867479906,1001515343658152448,"1970-01-01",t
"nllfaqrebbg",4855245354275563820,1279467993060466176,"1970-01-01",f
"xagfffctnie",6463600401832607828,8684745514690162688,"1970-01-01",f
"ualvwsiwndwongh",4372373254282571990,3427168411142343680,"1970-01-01",t
"rpwgaqhyfcdltkuri",-3956512105640830621,6204793556760875008,"1970-01-01",f
"lkhv",5540585533336384394,3949005836774205952,"1970-01-01",f
"ugpnoe",-710176550077945323,8125527240746488832,"1970-01-01",t
"yarebhaapateqgw",-1890053822370665347,8879693397646325760,"1970-01-01",f
"jbnymaof",-5268986822210910262,4840358120284958720,"1970-01-01",t
"qxvffo",-8024843121780043082,3936652770315599360,"1970-01-01",t
"kesqfjcxwlary",5672622000034708372,1695990077170699520,"1970-01-01",f
"fbrtnwtircublb",-4436124735566453075,2635120051409592320,"1970-01-01",f
"lhglmhkst",-6167716043608422692,7235859243296074752,"1970-01-01",t
"eniafhtfwxqi",1936200654963029866,2353587691845536768,"1970-01-01",t
"obi",8270594571873342008,6664846704856173568,"1970-01-01",t
"vsucxx",-3603782177822590434,4813212675172986880,"1970-01-01",t
"plojs",-1187660800217382106,4099118396980938240,"1970-01-01",f
"molcyes",-5731391335553540818,624758235892855040,"1970-01-01",f
"rdvxywxrpdw",5281625455608522244,8873825562005665792,"1970-01-01",f
"hlymdlgkqyn",-1779933948950796714,6689552621058973696,"1970-01-01",t
"ogkcryqsvenvlrdm",7220313119326607388,7786610431485022208,"1970-01-01",f
"ysvubyupnk",4027187920921684480,4346798081306240000,"1970-01-01",f
"fgcwrgvoru",2952120570578012092,3711854798719979520,"1970-01-01",f
"iyqxbgq",-6049086088467840105,6367775893629276160,"1970-01-01",f
"vvr",-6762551109293470176,4553542685600517120,"1970-01-01",t
"iuvmepgkxfuqtoj",2525652229443817145,8538628819854416896,"1970-01-01",f
"pebmciocwsh",6413547195610574631,8064805926810229760,"1970-01-01",f
"wwkikqbmoblild",-448224108970551540,5947888711386293248,"1970-01-01",f
"vtdma",-6357906010210657415,9069968327764579328,"1970-01-01",t
"dprspk",7925855637097639348,4181699625215976448,"1970-01-01",t
"bodywykmlyiq",-2238329811101906308,2901591601813412352,"1970-01-01",t
"jtjyqpivhmwyt",-578547000304241732,6204120934504577024,"1970-01-01",f
"ulj",-1983164825991680158,6560214169901391872,"1970-01-01",t
"qfnocadkherxmiwl",-7651145513157857777,1748768758971098112,"1970-01-01",f
"wtu",4263416074961339143,2794048846615544832,"1970-01-01",t
"gpxtln",3066067676646795008,8547752766406868992,"1970-01-01",f
"cxd",3475561128160044598,397652288473849152,"1970-01-01",t
"lgiey",3801532779054599684,5308171536793043968,"1970-01-01",f
"jqon",-80278669907628418,2678581493567659008,"1970-01-01",f
"leqojhtcfppii",2034878151153048686,4371400873738078208,"1970-01-01",f
"hldjnskyakrlorxf",8945698327040762408,127182642578137984,"1970-01-01",t
"isjnejcbt",650999423477815021,965991705482890752,"1970-01-01",f
"qsg",-3179688065028139551,8746175032532603904,"1970-01-01",t
"dpwgjm",-2692984142312863640,5890354031301708800,"1970-01-01",t
"vqkyjdqqnawflxjb",-1141391118552125538,8668016420873284608,"1970-01-01",f
"srlloalrmtrg",-5989269966245259123,2537804442656041984,"1970-01-01",f
"iyogpay",-4256982991772666803,8921975898837198848,"1970-01-01",f
"wgtal",-8519330107958901943,4370599054611476992,"1970-01-01",t
"vcie",-5330601909286042779,2543744961209106432,"1970-01-01",t
"sjkinyefjsn",6376732588251847183,8230273496034770944,"1970-01-01",t
"svxgvwgykalt",608425554961642837,4648776469892950016,"1970-01-01",f
"fcffruckkxrtxy",5155765827701080947,7729749105357163520,"1970-01-01",t
"kgosp",-1929384583117603258,5194973426334765056,"1970-01-01",t
"ohcpmyloebd",-1359622208435278958,3178384407405645312,"1970-01-01",t
"ypuxqeh",-1662851650072722127,4021745377730499584,"1970-01-01",t
"gpfynjhhuviqdmbi",4822588001238791408,8023281996216842240,"1970-01-01",t
"dtevmfy",4788280491710194132,8381857984467465216,"1970-01-01",f
"ohbpgxprue",6705066135392875195,8296241456259757056,"1970-01-01",f
"ju",-458440233359251086,2168418747794429440,"1970-01-01",f
"yrdu",8301462059724158737,512259107803827136,"1970-01-01",f
"jrrmunm",-2599728686496104989,7415010403764048896,"1970-01-01",t
"qypginxq",803614659657518683,8368869825649531904,"1970-01-01",f
"pflypedloiiw",4153452203961911838,3480076099224141312,"1970-01-01",t
"xhubipfix",1148971674953851438,2559070671839237120,"1970-01-01",f
"nmrhvrfcpwoeiju",-5590471364292579636,6144242577396707328,"1970-01-01",t
"sid",-7530229480089427868,2298971684423300352,"1970-01-01",f
"spqxdsg",8113854004860699967,6706490577156142080,"1970-01-01",f
"bx",-546777096561519116,4283474665154834432,"1970-01-01",t
"yfttoxscikikht",-488525457679541489,2279696257974131712,"1970-01-01",f
"nouiumh",4621719711249528401,644061252970602496,"1970-01-01",f
"jpsald",314892707763409682,213562359247764576,"1970-01-01",t
"gcked",3478274346354350327,184277637493704256,"1970-01-01",f
"tccskrert",3334006595824832894,684081275582658560,"1970-01-01",t
"vqwmyjbjejffdh",8142715001954406680,5272791618563227648,"1970-01-01",t
"acnbfxlduckhnxym",-7926091582624140006,8078288900896718848,"1970-01-01",t
"ejluofterg",-3659005023747558679,6339740343097209856,"1970-01-01",t
"irrojfyxnaxpudfuy",3032971018705049558,4855108140559348736,"1970-01-01",t
"ivxprxaq",-6427824213924947624,6567230636684121088,"1970-01-01",t
"ypmq",-7108073155245887002,8857201892788938752,"1970-01-01",t
"mvansjljwcrrpytr",-5162369046579983602,5320934393181953024,"1970-01-01",f
"ylpfqtpwj",-1378449232591364230,6499268239345537024,"1970-01-01",f
"ljqibwsyx",2172392812261637266,1084798524370631680,"1970-01-01",t
"ywu",-8775033004511878312,8309271256656553984,"1970-01-01",f
"navp",3391157808850525601,7895630264608125952,"1970-01-01",f
"osjqiuax",3536249655543172992,494120516682841728,"1970-01-01",f
"ywsa",-5585802754976003098,8993717738981366784,"1970-01-01",t
"sxsftahml",-7678568057958347016,2792514342736031744,"1970-01-01",t
"npiwxdylya",7454979424278893780,2240905867331076352,"1970-01-01",f
"tsbqplixoxho",8504606478348662127,8308325128919251968,"1970-01-01",f
"wylc",-7463627481486404649,1010393649017900160,"1970-01-01",t
"jnhlvro",-2365782275412145318,3246905774634450944,"1970-01-01",f
"tedsjgxiklxfk",7304847656118659240,5427021509468027904,"1970-01-01",t
"weghuaeailwqhil",7085822800611812216,4870830010187995136,"1970-01-01",f
"kcki",8534512179023650137,4775704514861252608,"1970-01-01",t
"kqasnoc",-474608962555161675,6927877940990914560,"1970-01-01",f
"gisi",7918977524539252321,1921417262721742592,"1970-01-01",t
"swaxfuhucnvopig",-1878087730919562659,6445965723913371648,"1970-01-01",t
"ytgpclstbejyef",-9199481594772412707,7571680366797531136,"1970-01-01",t
"lsetvenswha",-3729467495810077990,5679316052535310336,"1970-01-01",f
"oolbvfny",3831965669049964951,5595962910678115328,"1970-01-01",t
"mkoffl",-8111267172716101931,1597098675326627328,"1970-01-01",t
"maqr",4315559672081865547,4287776390735542272,"1970-01-01",f
"pfje",-4060868517145229923,2903923123408057856,"1970-01-01",t
"lksakxteqhbhbvk",-8151186022738328856,7762917960780359680,"1970-01-01",f
"irdcyegcfqv",-2514324068708718899,1656576597496424192,"1970-01-01",f
"gmfupppk",8639437379668425999,2351784179377021952,"1970-01-01",t
"qfejo",-4450298566723202333,2200488750142029312,"1970-01-01",t
"ivonknwnklohonvb",-1732632732466583886,4941359719954766848,"1970-01-01",f
"uatslxkljjvbd",-213130800865241641,4479065121210845696,"1970-01-01",f
"mjbmwjep",-2357215903689729794,5735742571202380800,"1970-01-01",f
"jkiewhvgoy",4763597349843984632,6000751369191934976,"1970-01-01",t
"xnwgrfydyhgk",495401125898897566,7426780424524375040,"1970-01-01",f
"aujgwsmwgospgs",-7107164943081971273,5559720953150745600,"1970-01-01",t
"ihreoyl",4360351447391074287,6120144043583352832,"1970-01-01",t
"totlm",-1551832837170112642,3934580473740661760,"1970-01-01",t
"hucii",4297599336007322239,6225879474616862720,"1970-01-01",t
"pxyndxhg",-8208092049068825833,3293021572205826048,"1970-01-01",t
"iyeeieuciup",-9140003533949329658,1377545044549732352,"1970-01-01",t
"hjvkuollikxnci",-5814872133930754792,5042717566390823936,"1970-01-01",f
"rvyarrliblskpypa",8525156229615603905,7539532597230066688,"1970-01-01",t
"garw",-2368042894910685146,4896159752307259392,"1970-01-01",t
"ikqwcwo",1218508976290174891,4885751147635003392,"1970-01-01",t
"rxw",-719979958269962344,1055279477476017152,"1970-01-01",t
"elulwhyby",4722646394732924523,538631493555755520,"1970-01-01",f
"tosyabnjaxyk",-4783600386075269516,6766024736645095424,"1970-01-01",f
"lbbermcsrrx",2533876342318702986,7137503870804041728,"1970-01-01",t
"xhbpe",8600938006502719727,4293354230186207232,"1970-01-01",t
"fnefbl",3663747545655220843,8573112854146030592,"1970-01-01",f
"beqr",-3806097536946340088,2807716383618596352,"1970-01-01",t
"ofmwju",6979407777516347264,8183634249928478720,"1970-01-01",f
"bikt",-2153259663176427988,7745871118343744512,"1970-01-01",f
"nurkuiiyyjenwqlf",-1119280834980992502,5905782451738390528,"1970-01-01",f
"kfqcfphylgkbq",4824355191373996813,1697563049186080768,"1970-01-01",t
"atnpuuoxv",3369337162716509641,3183625136881696768,"1970-01-01",f
"lvkytxqroviikpqe",8061851141642746573,3051632323806113280,"1970-01-01",f
"gnlsrfdjnjhdoe",2017824067881818971,2434051057211690496,"1970-01-01",f
"nwhgngmhiurb",-6516122764122043709,5795994822522392576,"1970-01-01",t
"dthpyiqcqg",-9195076714677344952,3716425587256349696,"1970-01-01",t
"wedoqodkxx",9034555323178940014,6472283652756331520,"1970-01-01",t
"lahkr",-8482226555307188058,3654956560027013120,"1970-01-01",t
"ncovkppmmngd",8385901833873320348,6934333046864679936,"1970-01-01",t
"rbbcdismmcbxpud",3007554807453251818,1653394730331793664,"1970-01-01",f
"rmsfyrvhjqgp",-8976212158458781616,248956240143733856,"1970-01-01",t
"fnlvefr",-8650860727001718887,6079542992504326144,"1970-01-01",t
"mxqbi",7556742151630125430,4003891639978752512,"1970-01-01",f
"nnbmcvmwjga",-7528188116532893328,8414383103706171392,"1970-01-01",t
"kgwtluickj",1805540920682785310,252456074125169696,"1970-01-01",f
"oekavhhjgbbidtn",7063388229567649568,8009095151540737024,"1970-01-01",f
"gksppinhwi",2192038694643260268,2601480812252156928,"1970-01-01",t
"mihaf",-3879543356752148275,2960292279934100480,"1970-01-01",f
"iiqmag",4022516148515101492,8509129725397062656,"1970-01-01",f
"pysqokfet",4821139636752681971,5509326343507951616,"1970-01-01",t
"iawlmfqqwiym",-7840574036896266053,3025745149420027904,"1970-01-01",t
"swvcmtuqkudo",-865436694025255520,5453180091071437824,"1970-01-01",f
"fblxwjgnydfcss",2920411129438899494,3433261556993539072,"1970-01-01",t
"kjlpygxrfhqhae",-7869877566668614207,3501515467061854208,"1970-01-01",t
"qmwrepybhennwktq",2282124991667879633,3308692069434880512,"1970-01-01",t
"cvskxlayboick",-5250758639323125191,3227831576867857920,"1970-01-01",t
"uysed",-2100828944965260544,7578842305731531776,"1970-01-01",t
"ekkq",-1644636447264487569,3989319335048523264,"1970-01-01",f
"hovh",-2317478668419689585,3159630824674238976,"1970-01-01",f
"xovqgylgqjuirii",-717793723081618064,5397948086165420032,"1970-01-01",t
"hkdadb",6677011994874048135,9001851496570075136,"1970-01-01",f
"ewieqih",2755140477426591217,3225818523754904576,"1970-01-01",t
"gcmjiob",-1897292348003658408,5834307985294763008,"1970-01-01",t
"necpvshnxgnxerqi",-8956817475724166771,3796341886673550848,"1970-01-01",f
"mxaurrehmsfrwrd",-2418604826453975385,1322839272815995136,"1970-01-01",t
"oiyruof",2550380841725809127,6645482139607358464,"1970-01-01",f
"dxminrijn",-2599324704715935497,2015243200408741120,"1970-01-01",f
"uekephmm",-206514418684369538,2397746188196612096,"1970-01-01",f
"proen",-3598650734961579406,2563739767609928704,"1970-01-01",f
"bva",168943968800058691,7302770280779907072,"1970-01-01",t
"upuqcfuvpiyr",1834756076209846174,1113970919381934976,"1970-01-01",f
"mtsogbqmbpmtl",-3224254766534290597,7260414041089290240,"1970-01-01",f
"onutureadpg",-701318628755787724,4643298687220724736,"1970-01-01",t
"bcnmiujeyjyfvfu",-2825454716236655412,5197534860796098560,"1970-01-01",t
"qda",-4416299339627342337,6919061117280348160,"1970-01-01",t
"bdmrmadchgypiv",-2834540344888526345,8845360508657089536,"1970-01-01",t
"jqcgpxodmnfwwf",-691410660383820939,353486274118472576,"1970-01-01",f
"uihqopvtdywosj",-2855750224510532519,5545412385982717952,"1970-01-01",t
"imaocilbibkj",-6203271887908667635,5832922510083018752,"1970-01-01",t
"hajqhxpvbkxlxkoqt",-3239734451587369239,4001956361200146432,"1970-01-01",t
"gvqncvra",-2762937156402539208,4802895560388046848,"1970-01-01",t
"sqyv",7899244578289190280,2051203090061542400,"1970-01-01",t
"tqg",-3792745245439746300,7021957446452866048,"1970-01-01",f
"kxkhnsgocx",9076654734283346487,669895438389723264,"1970-01-01",f
"midtesbyooipowdxq",1270107792356998835,6028235998258503680,"1970-01-01",t
"hrg",7743127412578490293,5744086228777576448,"1970-01-01",f
"amysbm",7955009035064240580,1267897646873901312,"1970-01-01",f
"ugwuaiujvoyqavp",-5928760142870833655,6813205734331865088,"1970-01-01",t
"rbjuudreppgr",9175304676703842052,3469783824986750464,"1970-01-01",t
"lmnhfpqjmkfcg",-3482381507380797247,385660586715165824,"1970-01-01",f
"fbqvfnqimrhlj",760998907509127183,7025500443719613440,"1970-01-01",f
"jfmbln",7770576932645977884,4115972750674252288,"1970-01-01",f
"quih",-8159995223516645722,2925959306350835200,"1970-01-01",f
"upwibpqiyns",2685572882981514945,7747465217225399296,"1970-01-01",f
"oahuavqwyja",-4103729368966875037,177251521081277856,"1970-01-01",f
"qsiwsntgrlyybvo",5023579786377170306,5626965713661765632,"1970-01-01",f
"aij",1585855633251783088,2685823404697690112,"1970-01-01",t
"ito",8845091979619582769,4867089736743150592,"1970-01-01",f
"ybhme",-7982113273273035047,1153461173217760256,"1970-01-01",t
"cmkfd",6541092819276122649,439245870984946176,"1970-01-01",t
"rpm",9045980244043205509,5227327515560185856,"1970-01-01",f
"hynny",7906969018500958610,700771216448116736,"1970-01-01",t
"brmgulu",-6458962582787496031,4839041036773870592,"1970-01-01",t
"evotpv",-8424691540884345989,5883592729571460096,"1970-01-01",t
"xeeflyvderu",-8564999258223736259,2311624712498697216,"1970-01-01",f
"mvyabdtwdwvdwknwa",-24341189056724723,3809870948114549760,"1970-01-01",t
"xhlfe",2767656838876092702,6599024577729048576,"1970-01-01",t
"scb",-4507523743451138864,5879276299466902528,"1970-01-01",f
"kijogib",-5220871991974557405,8635378687593365504,"1970-01-01",f
"ngavmupqmj",-7895797569936659114,5274931694206743552,"1970-01-01",t
"dyxybulkcbqjdu",-7806656640945110159,7699839088349205504,"1970-01-01",t
"wrrdvfvmmptyepew",-689495266615639159,4666924167546579968,"1970-01-01",f
"etrsywqas",577586970385121022,4564425233185675776,"1970-01-01",t
"fdvoqxfldjvcm",6881555994214033696,5001875872540331008,"1970-01-01",f
"fmnqi",-3837990500818755607,7490629116393746432,"1970-01-01",t
"vmdecr",-1710645221187079378,5730905547635059712,"1970-01-01",f
"enspqjxmej",-1669179226480723643,6177171003223663616,"1970-01-01",t
"wygmicflt",-3488245273102521929,6806349298670657536,"1970-01-01",f
"ipdkeaocwfhwlhdy",2142263763179120291,8455338073195881472,"1970-01-01",t
"fwgii",5648909433704010437,4146823911687498240,"1970-01-01",t
"oqwrcgb",8300176842849321657,6434090358731779072,"1970-01-01",f
"ojtx",4786384135142493944,3142096643249820672,"1970-01-01",f
"rubncmobeyf",-6397441031904458568,7210422399018906624,"1970-01-01",t
"haxkvqfkittsf",-8082903391501240517,7012639448577245184,"1970-01-01",t
"afapqiqusmv",6851940445317278176,3067283707362636800,"1970-01-01",f
"bcsa",7851743042242090883,2216397854177955840,"1970-01-01",t
"tsnmxdjapj",-1667687695566978433,7035550670699484160,"1970-01-01",t
"ylkondffquv",-2370600636185740350,1742499687089485568,"1970-01-01",t
"fygltsduif",5717678465931621201,4233557325833938944,"1970-01-01",t
"ttnsmyoffhsu",-1554563207518662480,3097807922996153856,"1970-01-01",t
"ieusvlediowue",334502826324005363,8231640048172440576,"1970-01-01",f
"gjccvsswlaporp",1756781976468691892,2994796044778445312,"1970-01-01",f
"mcgfocskavobw",5597238662416616018,6887937970307284992,"1970-01-01",t
"chiwglormmfxnqw",4437040121572899595,193914655405145344,"1970-01-01",t
"kfiapmydyeoxjip",2105316187138277144,8826928764410861568,"1970-01-01",t
"cwybkvjkvhi",4071702125570680944,2504767989412061184,"1970-01-01",t
"jkkmtex",7848393583522930208,6986002536976566272,"1970-01-01",t
"gfyqndudbtpne",5505622215106626988,6196048303750181888,"1970-01-01",f
"ifwnrpa",3611183055747131215,6146064562243617792,"1970-01-01",f
"ogpkjhlngjbi",-1498211379865289549,133592617991445408,"1970-01-01",f
"ehpdrvytp",-109648239420081574,5846235116917327872,"1970-01-01",t
"vmvovrws",2801679700807011915,2915390258200655360,"1970-01-01",f
"ngbg",-7295057072077416693,5996083751517172736,"1970-01-01",t
"pwclmbrao",259457466673359477,6411611328331955200,"1970-01-01",f
"ubckquo",388244159030699455,4925392766056087552,"1970-01-01",f
"vwe",5146903145161281481,4493777323283320832,"1970-01-01",f
"yno",7447583711601538560,4399348608740152320,"1970-01-01",t
"dycocmucigpvdb",5211470684312923053,2823416187716156416,"1970-01-01",f
"pxiboeuhghbx",-1184822211480995385,8214754825957900288,"1970-01-01",f
"yoeyhbiifirbybhc",-3138934743841500747,2091312417356419584,"1970-01-01",t
"bmxbhdnqwoibj",9053874821827289959,1642456186031018240,"1970-01-01",t
"smeygtnnswcp",-2741486157519602634,8139358239341589504,"1970-01-01",f
"divfibbj",-2103242241655417728,4789969616717543424,"1970-01-01",t
"oes",1773344006456243986,7629359036232055808,"1970-01-01",t
"gkrwajtwh",1353884435253144488,1946174937054812416,"1970-01-01",t
"qkxivefxdp",-4763839322146910916,7953863528201676800,"1970-01-01",f
"cgkc",878251101620487282,5564058171351390208,"1970-01-01",t
"qvohbqckfnaa",-3149519941998602896,5061872490098804736,"1970-01-01",f
"ghyxcyqcanhrkua",-1352238023756389361,9000699100294877184,"1970-01-01",t
"ukrrmyhg",-5648750108952349972,3125140590610641920,"1970-01-01",f
"ndnyheqw",6815815861635130438,8438813651131289600,"1970-01-01",f
"maxtmsteehhkd",5022887631969060365,2473943382005904896,"1970-01-01",t
"twycgdfen",-561967704241463801,6496358934262298624,"1970-01-01",f
"xstagsylt",4365872539235732518,2757824169123128320,"1970-01-01",t
"owpm",-8042038989308314134,2811603860245655040,"1970-01-01",t
"aol",-5763938735259325112,3441581307214222336,"1970-01-01",t
"ogpywyc",69363242238826779,3270122777239834624,"1970-01-01",f
"wxihqnuwyonfljuw",7119901463944733329,3983139141402337280,"1970-01-01",f
"dmjxwgthrfumhk",-7415420274510428330,2308632609192594944,"1970-01-01",f
"rfadnsgmun",1289412726917513802,3772694541394735616,"1970-01-01",t
"grumqetuxrg",3158714457546367206,5340571229456880640,"1970-01-01",t
"uapnfrdv",-3609502942149794463,49282743668923408,"1970-01-01",f
"psgimneirafqpg",-3333940957403606141,7556448167119621120,"1970-01-01",t
"rhqkxsaifmk",5062521178078242921,3962926664553489408,"1970-01-01",t
"klpdrkptcn",1917441018351586115,8518000896249346048,"1970-01-01",t
"ergwavm",3020153781147807892,7309319233126466560,"1970-01-01",f
"jktpvmkchqnr",-4191371036599478924,5339687072765516800,"1970-01-01",f
"ywsrkhuslgrsn",-2217115391450795587,7435772305334346752,"1970-01-01",t
"qqvcdcrc",3434063545285373579,2083416530854106112,"1970-01-01",t
"snumrdareks",8555729412125939751,9140265714420657152,"1970-01-01",f
"varkydhknhw",-2401590826245523740,1556158008578058240,"1970-01-01",t
"igbuxpchvbcn",-8490546762963531171,5119099106126086144,"1970-01-01",t
"ruqlaqjdxkrvv",-520465902846077657,6364390876748409856,"1970-01-01",f
"hvwsdoavh",1742371042303641785,2172069274986193664,"1970-01-01",t
"xgxcdplbwtpmxj",-1076641856816397591,330919101726590784,"1970-01-01",t
"jcpbmva",-8964965813458553327,1187748042318811648,"1970-01-01",f
"jtclwfhcfrc",-5868533347671550354,2415139222819905536,"1970-01-01",t
"jvwvhj",1163703922486208582,1788531112482123776,"1970-01-01",f
"lwxoybomnmjrwg",9139512906302258003,5649823096676022272,"1970-01-01",t
"bblhcsbsnec",-8532058957882978281,3266218932046864384,"1970-01-01",f
"wamsjvu",6511871038920919944,6318467858056504320,"1970-01-01",t
"egtnudgvjuoi",-2555600858773645646,1733365869546782976,"1970-01-01",f
"biygsihbhvpffhy",-6586218679088199053,307885963253875840,"1970-01-01",f
"ditakdnfv",1419648854695101042,7105963503810741248,"1970-01-01",f
"uhicuomys",5724629339946514942,4077514119388366848,"1970-01-01",f
"whtjv",1844134413432078263,1278184252097702912,"1970-01-01",t
"dtgqthvgyi",-6496082431665893239,5546950501686719488,"1970-01-01",t
"ohbdpfhhyvowkf",2682647051461083022,8180817246000439296,"1970-01-01",t
"ehugetc",-4197528257182955179,6672334863813424128,"1970-01-01",t
"xwuigf",-6199790429426063966,6200858496317692928,"1970-01-01",f
"ujfwbhiekb",-289996289857938848,8228092474686151680,"1970-01-01",t
"oxy",6737205310719632333,2085278837262365184,"1970-01-01",f
"mxjx",-1128356474301751856,3839161921230626304,"1970-01-01",t
"jyvqmgeaiip",-6538032199017463474,8623511947836858368,"1970-01-01",t
"ohiqsronkj",2728995412020679787,4318653710558222336,"1970-01-01",f
"wholfdllnnjlso",-3899940217223093901,5086266884027500544,"1970-01-01",f
"nktythyspxxbkhqjg",2102342415269989173,6663685208535166976,"1970-01-01",f
"enbgf",-3159694181608797159,9088618291946296320,"1970-01-01",t
"pqrmt",691020618365448776,2203469267450951168,"1970-01-01",f
"rqbfmhmoeovlgfw",-4646632938251147409,668003124657173120,"1970-01-01",t
"lkdkaynvqsf",-3907307912983991901,4613464490499985408,"1970-01-01",f
"sgmtgtlo",4632615520261063630,2774792655361499136,"1970-01-01",t
"rpvsj",-7354092148153388744,6159537645450624000,"1970-01-01",t
"edywxiq",8564703667781877307,8771578537215669248,"1970-01-01",f
"sngov",6124097475260941664,8329363215580035072,"1970-01-01",f
"cyairv",6100827269996525745,3290271238084236800,"1970-01-01",f
"mpmnjwhjlw",5256225467708809047,6451779577992792064,"1970-01-01",f
"uqydsdofaysph",-2613384151010604996,4385013472194870272,"1970-01-01",t
"riajvbmgekcm",1015863150256092411,2210249375888316672,"1970-01-01",f
"fqvksqerumdgqy",-4502356023586086192,8543406674673206272,"1970-01-01",t
"nlyyvubeqssqmyts",-7266017253696956487,1152534372252024960,"1970-01-01",t
"rwbjyug",-6337704929398335033,7577605154810301440,"1970-01-01",t
"edtt",-4153855158626107443,8743605402043702272,"1970-01-01",t
"quh",-8387085867547650219,3749045099845021184,"1970-01-01",f
"avdxmaojwimgxu",8312983465711777569,8240504366040804352,"1970-01-01",f
"sgjrukaiubihbjr",-7684042136601063543,6488659974321913856,"1970-01-01",f
"ebnduodbik",-4564657010530255483,9100710816188539904,"1970-01-01",f
"kva",-5274470558381209768,8390173717471821824,"1970-01-01",f
"sybk",683742972260391641,4557940741652260352,"1970-01-01",t
"mixdkaysfkfpg",3281540505587673913,8698467271436363776,"1970-01-01",t
"xpoqlupoguro",7243620664726432064,5098898319867801600,"1970-01-01",f
"mjdwhuaymf",-4846806971201138299,6787539325892941824,"1970-01-01",t
"txoqdryxjii",2387292466501871093,5288566936611542016,"1970-01-01",f
"smohebons",4120806680262778989,7862373778556270592,"1970-01-01",f
"noq",8854883502396269704,662893814359166848,"1970-01-01",f
"oomusiml",7616964788798093526,2301644048029638656,"1970-01-01",f
"saysc",4747290547073620840,7298754870566087680,"1970-01-01",t
"kjnfdhag",-2392333907302751970,7028056703128193024,"1970-01-01",f
"cjqqktk",-55439076230321283,7393763745464026112,"1970-01-01",t
"liybtdcqtx",5091143650590031867,5218714793551165440,"1970-01-01",t
"yyvckvbbleys",-9073012563429720168,793337764304688000,"1970-01-01",f
"oijnyrsgnwd",3317669689284434033,1254219592956044288,"1970-01-01",f
"ejgxbdjtkmvsaqs",-2147872430649576182,8350843289682023424,"1970-01-01",t
"td",367187971771161875,4229603596709090816,"1970-01-01",t
"jxhh",523314188764634190,3627883654223484416,"1970-01-01",t
"tihpao",-1935413780455861206,6452232588760012800,"1970-01-01",t
"owd",-1176152304932837044,7808504993476475904,"1970-01-01",f
"duxoxwccuiokntv",-149185820350336131,1613442571635508992,"1970-01-01",f
"tbvgow",5400175637539842298,6996565296644271104,"1970-01-01",f
"awoycxwl",7281494301264146195,7253988141277251584,"1970-01-01",f
"kqpmcjj",-1643921833163073773,2534713788298699264,"1970-01-01",f
"vilseujjgt",-5414929583581733194,2581605317058741760,"1970-01-01",t
"ieeidbaqkxvycnich",-8145428469592315571,5910422636858655744,"1970-01-01",t
"pxmi",4482806724588591331,8158387965090401280,"1970-01-01",t
"pammqsby",6980376092365185394,4582141075258127872,"1970-01-01",f
"hljfakltk",5557606339074546105,1654792743752820480,"1970-01-01",t
"jijqxuqrob",439090213487271427,8780074475587561472,"1970-01-01",t
"ivk",-8765244854791862621,7231586286977001472,"1970-01-01",f
"rgoih",3219341856451334822,1010695548457392128,"1970-01-01",t
"dnmejeqaskrwk",7325517092943797444,5480200852674182144,"1970-01-01",t
"tvbduuaxxwwxml",5421518496464239614,3349734618208030720,"1970-01-01",t
"xkr",4653300091216663953,4501028488034691072,"1970-01-01",t
"rgbego",1201376256514545518,7284095287667974144,"1970-01-01",f
"jpeaqqkeoijljpi",-8487982807422611338,4726783098479748096,"1970-01-01",t
"tmtjtehdwwykc",-291596136544902656,5853672705309069312,"1970-01-01",f
"ssbvyttk",-1136311846057752768,3596959245952523264,"1970-01-01",t
"wvnyfjw",-3152402008596165954,3786484183633877504,"1970-01-01",t
"tdyp",4786781705158102083,580866446632341120,"1970-01-01",f
"wodqyp",4678187990310452755,444036676427645312,"1970-01-01",t
"mbdkwvxl",-246812576006796646,2529401529170629632,"1970-01-01",t
"oonmytcyr",-2171138172422435419,793788835173228160,"1970-01-01",t
"orvegp",-8820635521811180035,3744587174230657024,"1970-01-01",t
"xfgiqcg",5338510254537944104,6363383862371567616,"1970-01-01",t
"bkxgewx",3257243285309538510,5051080516673220608,"1970-01-01",f
"mn",-7484957436973328167,6731107127951833088,"1970-01-01",t
"ujcblbyuatyelgi",5858355797411650064,1923463918727887872,"1970-01-01",f
"oxmxpoqtmjm",6090145604649248091,5599913921808851968,"1970-01-01",f
"brtvjywld",-176695627347068114,3712152937606211584,"1970-01-01",f
"brmmlkqthq",5124352620582028878,4509516962003814912,"1970-01-01",t
"qikti",7893073899795092202,8790304179738810368,"1970-01-01",t
"cmfdkcimvhtmsumv",-1882942080958678557,6367604509474463744,"1970-01-01",f
"kvocvwrioyuhfvng",3172517187912888557,7855209610990381056,"1970-01-01",t
"mnbsgpud",9130383309490580050,2601010893091937280,"1970-01-01",t
"fce",-3451887122296966173,905774150361608832,"1970-01-01",f
"masqbd",-641061137901152690,304222851522102528,"1970-01-01",f
"wnuxabfikergw",-8422799577884822635,4455251932675335168,"1970-01-01",t
"bhjjyxvgp",-4883905872344211153,2719188110768254976,"1970-01-01",t
"ybesoygelqpy",-2039114924716493247,1189737780352962304,"1970-01-01",t
"stkdxkwfpfoplsmns",4944088817417178824,8727090790098467840,"1970-01-01",f
"biguf",-7770241485185751475,516884259800299456,"1970-01-01",f
"mbydgsyhdxjs",7196976701390476737,88134452424114384,"1970-01-01",f
"exxulhoqiokxhrom",-5993153195424937706,7280775241035976704,"1970-01-01",f
"jlbx",8114024708003364718,2923572012652933632,"1970-01-01",t
"ojx",-6171241706777945283,4544176789533995008,"1970-01-01",t
"dvvfjx",-889063373159361706,388291124977972352,"1970-01-01",f
"mraxyprjkyxki",-6813115497154700467,4873572485792101376,"1970-01-01",t
"keojasofnbrkkx",-3323282265157319936,6264229518727227392,"1970-01-01",f
"glogeyqucrnf",6154962966474719640,5168441563529752576,"1970-01-01",f
"bsk",-7375580790384145237,8920329075255759872,"1970-01-01",t
"txm",4463818536476948128,2929396209309858304,"1970-01-01",t
"cpohys",-2224734209988732754,4510708196924842496,"1970-01-01",f
"fqpyfvq",3231895347784085028,4899833670451134464,"1970-01-01",f
"mmsjhanwgsbuyb",-5943879435532585018,1586125390233040384,"1970-01-01",f
"qkbehtuvp",3719945300304203612,8908841985389400064,"1970-01-01",f
"ltvfklupoqhyu",8161763501648457525,4280780233679096832,"1970-01-01",f
"jqrh",3667908918181771772,4532315696387129856,"1970-01-01",f
"jrgaxfck",8018896143302636139,834874983133153792,"1970-01-01",t
"twqnswvfvc",-6716741739742223497,2116882146775270656,"1970-01-01",f
"vfhptgyg",8962699971015753509,4218239768863274496,"1970-01-01",t
"ypcmhm",-2474214877239986428,2433118645076823040,"1970-01-01",f
"mtkjswigjnogl",-4744464320649575100,7671064200679912448,"1970-01-01",f
"pwmqciitifhpol",9138412777955081005,8242183120863294464,"1970-01-01",t
"roqbufuaowxruagvk",-8893292214297791433,212465483677806144,"1970-01-01",t
"owg",6393130933317647012,8963059216567788544,"1970-01-01",t
"oxov",8323761827002101048,6536109712103808000,"1970-01-01",f
"sajtolbjin",-3538642784272802147,718752852856711936,"1970-01-01",t
"jhckwsoixfawynsk",7435332349105808349,7956254819844176896,"1970-01-01",f
"dlymxtwps",5487434582580168078,4771258339823741952,"1970-01-01",t
"vasxdqsjpekd",-4963896534218658652,6755539267814335488,"1970-01-01",f
"bdtptfaqcyvu",4675092947427785856,1020979959589313664,"1970-01-01",f
"abyyolxowd",-2984957755868774387,8731890873387779072,"1970-01-01",f
"peevksntlyanuvik",-1833550920636775253,8650388092132247552,"1970-01-01",t
"teqnxe",-974686267328574089,199722198335904224,"1970-01-01",f
"dpfcffp",-8006457353781194573,403775786577183808,"1970-01-01",t
"pen",-1578303949716344290,5307274388589092864,"1970-01-01",f
"gpeu",-7456803477686234101,1326278993773204992,"1970-01-01",f
"uijm",4170454075958550569,4403985883208652800,"1970-01-01",t
"pvoyp",-8816813179864372192,1851568687794023168,"1970-01-01",t
"yqieourueetqr",8089863309714887355,2252591691918920448,"1970-01-01",f
"oheybdpvnqrya",-6634942999906394695,5912662727992574976,"1970-01-01",t
"mmnskoeebk",7620016876477953740,1499134583916649728,"1970-01-01",t
"uvpeqahtnjgipkfr",-3796063469246296038,5001087331602534400,"1970-01-01",t
"sdlvnpdhbnbkuwvx",8670017904483442818,8148952823262745600,"1970-01-01",f
"huingiyvmump",-5888660133211917359,6190595883040462848,"1970-01-01",f
"mrhyswgs",7405856496168686188,5641308040582031360,"1970-01-01",f
"tsgtv",8926264539196841453,5308734672481967104,"1970-01-01",t
"vshx",8915347974428947553,7333399349140530176,"1970-01-01",t
"ablxvb",-4431329861515977839,2749526246332721152,"1970-01-01",f
"gdvkqgauibjuxbfy",-2889536048503019352,8504428886108995584,"1970-01-01",f
"iwajsjxtxasdj",6201258397770079126,6142549629258600448,"1970-01-01",f
"tfsnvdqxhwhdhr",-4533173226627278080,2241691282073476352,"1970-01-01",f
"hmsdvvuswwpxhyy",-2924916148484178665,5473018871397197824,"1970-01-01",f
"wjdxcmrg",6473124008830296048,3275218510084198400,"1970-01-01",t
"mnhaibcn",-5247578678766618714,6058647950591140864,"1970-01-01",f
"lely",-2959123121832345275,8314873368475778048,"1970-01-01",f
"ydvk",-3036529742611249705,5226343435679100928,"1970-01-01",f
"qokxcfpowc",-9122206069014574794,5383414088706610176,"1970-01-01",t
"uolqpeycudgwq",3917364191643929949,1256516103227354624,"1970-01-01",f
"txxpbcfvyybnlopu",-433775639678043333,3436728082196993536,"1970-01-01",t
"vabxvcgvnqcvho",2611700753807760761,1978464654343043840,"1970-01-01",t
"vvwlbnnh",-2354459576945060190,4301589741371922432,"1970-01-01",t
"lan",-4939883368516016779,3478129096742905856,"1970-01-01",f
"qfcsmvedviqqqiws",-8785615230813967223,7745466464271264768,"1970-01-01",t
"gfsssjlercl",-73705335931434260,7895506038490711040,"1970-01-01",t
"vnniambcvyhlmaq",1979339516428690835,5112804791771838464,"1970-01-01",t
"cdgbtiwfnhexg",-8580541800542075396,1796881436733034496,"1970-01-01",t
"wokvaohtrqrdkmcpm",-2912834555110747618,181917305815842240,"1970-01-01",f
"itf",8247433426634520162,4098670083505179648,"1970-01-01",f
"sxmgkfwg",-8926604656781437631,4280672808340525056,"1970-01-01",t
"cdbxbjtx",-1528949326286867215,9083582486458741760,"1970-01-01",t
"ptrudhmjnmxn",-3536249725556888380,6676107614816960512,"1970-01-01",t
"inhtecptejrmc",-7311643745355214464,158453460607317792,"1970-01-01",t
"ronohqwufmuygaa",8347490364054112556,1083431519239872000,"1970-01-01",t
"dvxirmufelmwo",-4879686345426101528,4694267168568152064,"1970-01-01",t
"bstrbv",8931005691798417397,3861911779758467072,"1970-01-01",f
"tsvke",-2089905157695286172,816304122504289152,"1970-01-01",f
"fnb",7501062306002717821,501655778826328832,"1970-01-01",t
"fgaewxkicg",4212041932512130425,2877658601770676224,"1970-01-01",t
"fjqilslkxj",-2038731699197047985,5290858241702268928,"1970-01-01",t
"oaoeuiexakk",6972531088287571584,508290272603874048,"1970-01-01",t
"bflthouhfsjghijeq",-5253610144157254878,8087479521118075904,"1970-01-01",t
"fhojb",4947543761090848524,2661618884004285440,"1970-01-01",f
"qlkv",9012586106547395619,6284069885062031360,"1970-01-01",f
"oeaqba",6964129147750814949,4876982809460909056,"1970-01-01",t
"kitldoti",9202488528825716519,6751069052946243584,"1970-01-01",t
"kxivvlcfji",4043654024255309013,4082425639382638592,"1970-01-01",t
"lufjhidsdpgfbdi",-7598584877693530988,601529397394270464,"1970-01-01",f
"ljqrodviuh",-7651094709072096404,6892062391400663040,"1970-01-01",t
"dwobv",-6587637850273942317,2073428469407718144,"1970-01-01",t
"pgbl",51926976982663382,7388208608029881344,"1970-01-01",t
"dbqduo",-1934981570816315440,1584437646125733888,"1970-01-01",f
"hmsaahbc",8219787806114853986,3096004619587568640,"1970-01-01",f
"egjufougej",-4269453821323242217,6043770372562189312,"1970-01-01",t
"dbkvproyut",96113384233788181,2251922976715156224,"1970-01-01",t
"yrjqenuevnvitc",-7687605422162339293,693421287020077312,"1970-01-01",f
"nqlrpatq",399589458900500479,1293990156791183616,"1970-01-01",f
"uwkrh",-212757980791164456,7838877901918612480,"1970-01-01",f
"jamyfanaoacldwi",3954452968774004731,6211896802447161344,"1970-01-01",t
"yibmjwcjkvsqq",-3508876507180436037,5789741020641284096,"1970-01-01",t
"svhqyyfrukylcugp",-6538306329821135063,4784067935937933312,"1970-01-01",t
"dsobbxormsffxhrb",-1639848648907744658,216750676444489248,"1970-01-01",f
"juwamqlctn",-2769610456571510898,6006333783258525696,"1970-01-01",t
"dvmgfwpkauxla",924631365974874828,5643176140815831040,"1970-01-01",t
"nvmqytmiassv",2321415610337360803,6306224219824914432,"1970-01-01",t
"wvqkeqbqeqvctjiy",5044018744692425672,977081440431225856,"1970-01-01",t
"dfornrbseo",997724560378950915,2938801345095172608,"1970-01-01",f
"mqvpkgyovgnq",-7863110337336157591,1970627074098373120,"1970-01-01",f
"svsb",1064520189498479043,9084014292224018432,"1970-01-01",f
"kdgpd",-2742212694256459058,5436698949952646144,"1970-01-01",f
"ifrmsmr",1131046163203938762,8663941567046898688,"1970-01-01",f
"ij",-7359428681329536305,4749938914720264192,"1970-01-01",f
"mqqlhsmigko",8792956166266030346,6966437253977011200,"1970-01-01",t
"jfkjvramnrvuyp",8001626220161374571,5888200401800253440,"1970-01-01",t
"skystywffc",-7551152279806678338,8440455406760432640,"1970-01-01",f
"ldi",7318094592097797715,935947307550328448,"1970-01-01",t
"dyl",-5388246598568692412,4774985471839516672,"1970-01-01",t
"kqqw",-7636720568502159432,6311432593586201600,"1970-01-01",f
"fhutay",-4891807624150955961,4118340735096462336,"1970-01-01",t
"jveuibkrrijqx",7260425442285132095,4795085203970922496,"1970-01-01",t
"jxvhffapoaqo",6780961809403142415,5722486012276436992,"1970-01-01",t
"qxxinxjpp",6367591589524276899,6419426845089352704,"1970-01-01",t
"vbpco",-5932387534762346503,3212424452988473856,"1970-01-01",f
"tfnsjtdcxpgfpfxl",-8549769465986845227,5805733427627934720,"1970-01-01",f
"poeveyebyf",-594184755256371384,8228486762853327872,"1970-01-01",f
"clhfsevfad",5470533332806734837,4018271003191314944,"1970-01-01",t
"jegddpmxftudvfk",-8005019441102380719,8283939153153441792,"1970-01-01",f
"dqfixbubuqndu",-7875808504978054602,5481433480319416320,"1970-01-01",f
"ditvfd",4902470467150520662,7792506951931435008,"1970-01-01",f
"tjpopb",-1980987114863166135,5578109238663000064,"1970-01-01",t
"evjmoropje",5215688144476327282,3839445851847134720,"1970-01-01",f
"ekpihmckcnt",4801887747080709995,4633872608327117824,"1970-01-01",f
"frciqqjqdeubomk",4409403673544038453,2780816933569280512,"1970-01-01",t
"pduaopgwmjdpmbwb",3454466889865267401,1940138671664158208,"1970-01-01",t
"ejj",-8216105204845840421,105074044461851072,"1970-01-01",f
"qrhjj",-3798926521338070180,5465530707459265536,"1970-01-01",t
"uygjsymbv",37201010773246065,273337825781664704,"1970-01-01",t
"vrwaemukowpnro",8056841638402316813,4878767342748619776,"1970-01-01",t
"bkvjhutbhypqfue",-2717024741766333962,6032461128193806336,"1970-01-01",f
"gvlyldtbcdurafwhk",-8658890369292099487,5945689118529028096,"1970-01-01",f
"vswcdsnr",5780110293971716322,7672161084629751808,"1970-01-01",f
"cxtxltiu",-6897807351369830540,3931673647747003904,"1970-01-01",t
"ethonedq",8217975690929157420,331411230702929344,"1970-01-01",t
"dmforwene",2976371880333597837,6119626271684444160,"1970-01-01",f
"cbygioglqigcwu",-5188087803680284931,7062671409054465024,"1970-01-01",t
"bsbxpwnmu",2108235117380421554,6251085948729496576,"1970-01-01",t
"kcpg",5137537051154474972,4574104183390357504,"1970-01-01",t
"rpa",2724283634942615960,3262294803447148032,"1970-01-01",f
"bgwcdxyr",6677467362872018450,510238627905619008,"1970-01-01",f
"afrwgticyyccgvb",3113818013865215977,5538014383567543296,"1970-01-01",f
"mwwenbfctfrx",-4118514482327505180,6955094677567240192,"1970-01-01",t
"xqbjsxkbdmwqig",-8585662387027215378,9072930003414401024,"1970-01-01",f
"rmjy",-510872633309827582,2278231809151219712,"1970-01-01",t
"rosej",2263378747252973119,4455388293664755712,"1970-01-01",f
"hbskpyf",3814968946675181204,1006004269651993216,"1970-01-01",f
"lfsjbt",8280068504045694533,2255488494014334208,"1970-01-01",t
"wjupktuteappspwb",-3403484617990538531,1830165691308793344,"1970-01-01",t
"mmwqpymsxy",-885732759060708482,7563320078224432128,"1970-01-01",f
"jiejtwvp",2657557309298193134,7605920137453219840,"1970-01-01",t
"owh",2748023636838219951,7293234575689132032,"1970-01-01",t
"poqk",-2202749589830227392,7494949857124246528,"1970-01-01",f
"lrvunlffuto",7998753084951829391,4805352884174414848,"1970-01-01",f
"bggsehjglo",5712462364897320038,351202831618821184,"1970-01-01",f
"xjkufwjaoid",3854137707885826049,3891214511394490880,"1970-01-01",f
"vweort",-4127074192153805834,4642437853338562560,"1970-01-01",t
"icnsqj",-509522329653525980,2500496992520412672,"1970-01-01",t
"hcd",-5935998082334724032,9189815450514701312,"1970-01-01",t
"jxxno",5477629605370769139,1837063784858342656,"1970-01-01",t
"wdodhnvufaepq",2259184867201270162,5665710431520057344,"1970-01-01",f
"mklsccoqqbmm",-8829384376979961148,1771213331608677888,"1970-01-01",t
"ygv",8830032145578214322,7722165664661273600,"1970-01-01",t
"fob",-5354172007227282679,4369473565236250624,"1970-01-01",t
"jtl",-6687094897881851409,4615355078931846144,"1970-01-01",f
"iqyyaangaufvhl",4420410885877278570,8644679187053579264,"1970-01-01",f
"xyyifwcjc",2608579498325714199,1478161770992336896,"1970-01-01",t
"wedfgfqqb",-1265382141962401930,1270751333257266944,"1970-01-01",f
"xcgimgy",-2717212795655713301,3176004519149918208,"1970-01-01",t
"mjl",-7520726271198132712,5487882629940907008,"1970-01-01",t
"fwk",-6185453540589376132,4981108559762498560,"1970-01-01",f
"bil",1926035805725669295,8736826860495501312,"1970-01-01",f
"bejpispydmd",2949586830316958534,1118913111654773120,"1970-01-01",f
"nttonlprjnxvc",-3402740342860750120,3356494255779051520,"1970-01-01",t
"omtfkg",-4940061086244623697,4417917531669571072,"1970-01-01",f
"ojvospdyrurvane",2947222755964610103,7714350734607651840,"1970-01-01",t
"uiljxmsbcwm",4457069790156002320,6989424008266919936,"1970-01-01",f
"ppqukpllye",5955106669766729878,1885855823258781184,"1970-01-01",t
"xxnkrwvpawdtyl",-4236268807155803260,3625507960676763648,"1970-01-01",f
"oawk",-8980519242285124908,1861669252147125760,"1970-01-01",t
"cuxwemrp",-2425282493279300172,5634205123700295680,"1970-01-01",f
"mpqyvynqbflmgsht",5836635328757884444,175086063582824128,"1970-01-01",f
"wcsamcbhbdkow",3489636511488802722,3734849418064088064,"1970-01-01",t
"fnuqtrxrcfp",753875719070600930,6603616181994914816,"1970-01-01",f
"stxergli",-377695759790902025,4488938116833001472,"1970-01-01",f
"ngacqsa",3828422098161574207,1608574170745376000,"1970-01-01",f
"dmgwos",8606268755511145228,5444466987746543616,"1970-01-01",t
"mjpddtiwswgbejsw",8853828402577071617,630526395939432064,"1970-01-01",f
"vqtmjubjqryf",8501203186742145584,4184775362092109312,"1970-01-01",t
"eq",-7100830489463428046,409473961324356224,"1970-01-01",t
"xjetthinram",63012971980437603,4728012890596280320,"1970-01-01",t
"pwsjbpymywcdlkw",-6672578010040691639,1760628007069556224,"1970-01-01",f
"kxwdtrltgqbr",-2579506870565168626,4807472673275193344,"1970-01-01",f
"adbituhsh",-8127711487743431327,6165594895638963200,"1970-01-01",t
"juwopsd",-9081548994638338203,8631352306774494208,"1970-01-01",t
"ujyb",154716757243130563,4342660185430804992,"1970-01-01",f
"fyxysrjcwy",3409640757693684075,4930622088227618816,"1970-01-01",f
"rvejjldsrtvytxw",-7744778420577054818,3341194612495502336,"1970-01-01",t
"aryonmpgutrhm",-4521960276609571446,464181531116987968,"1970-01-01",t
"bfpqfnrb",-1547823680769290546,6938703618300446720,"1970-01-01",t
"fl",-2440259502071711049,1994884487813060608,"1970-01-01",f
"ngupeggwtvaiiu",7623292673409760382,8473250766321811456,"1970-01-01",t
"iccjebrcinbeoy",-569814774080586225,3400815735999708160,"1970-01-01",t
"wqksxapkfm",5461069449957863790,7602439658506807296,"1970-01-01",f
"kkvkaty",-4367498000503316188,6738989266911996928,"1970-01-01",t
"mpqlma",-3866693577464888234,2746770455700893184,"1970-01-01",t
"egobtwcsa",368608248357927860,4379459348177762816,"1970-01-01",t
"wjpbadbwif",450610023500070504,8109856044261189632,"1970-01-01",f
"mkwpwpfkhskhmsf",5444079008406190705,4500752243159514112,"1970-01-01",t
"wrxdqlyyqvhghesq",4335277437272497221,163949412308168256,"1970-01-01",f
"bsjxknsuxckbf",-1012239757392313876,6298959736837045248,"1970-01-01",t
"wqaynrddbmxuxyicv",5745676576333552384,6348000933836617728,"1970-01-01",t
"atbhepmdcrxontwsn",-75965993448045011,8368053231249846272,"1970-01-01",t
"qkgsti",5022505384374668230,794853622393552896,"1970-01-01",t
"gttmtiv",4287109170786840450,7373740361930818560,"1970-01-01",t
"yngse",1499557279309008165,1002106714863150336,"1970-01-01",f
"dcbabaqkpuab",-1583642778141955090,71958211003182976,"1970-01-01",f
"vyukmshwjthvvv",-2841365278810020555,7952732036667372544,"1970-01-01",f
"crhq",-6250231273329588512,2848709661697026048,"1970-01-01",t
"lhyugdqgsickuyr",-9135461603763132436,6073100521751051264,"1970-01-01",f
"tylyhvcjiiblc",-4132483039601178359,8329331078472434688,"1970-01-01",f
"sxmtgekwngjwyjerk",5597177866165877508,9126059650977660928,"1970-01-01",f
"wytrc",4831792586764680882,3334421974649985024,"1970-01-01",t
"tounjhjlreesglx",-5652600025068435861,6005428136871742464,"1970-01-01",f
"hilkrlngxnfnnr",3618443580424632299,7929706309686891520,"1970-01-01",f
"jnbspsxdsyveayy",-7011945709016562288,7162568487118860288,"1970-01-01",t
"qxya",7633810171922890195,931248793613356416,"1970-01-01",f
"vwrobqr",-8219074184426902697,2038907862439112960,"1970-01-01",f
"axuxamuhkisgovti",7107860380011448282,3649911284627762176,"1970-01-01",f
"eoloauljcqyyfsryw",-994242039370378570,5027011434120122368,"1970-01-01",t
"uobu",5551012910478935634,1787227236702273536,"1970-01-01",f
"gohuotlikxh",7106767548787307690,8073451203170006016,"1970-01-01",f
"xkmlonqasbbge",-1009517327664043527,4792509728110989312,"1970-01-01",t
"qqpofgkdukcubkbc",5010970935805734,3717285806374955520,"1970-01-01",t
"wycfu",-4335484201251987735,994353217259331200,"1970-01-01",f
"yvarigdjotbdkt",6870680455127935771,1539647233768590592,"1970-01-01",t
"leqhivdmhyink",5563510855177977197,8193907441081891840,"1970-01-01",f
"knbfjmcht",6144755939898327931,5582277358891752448,"1970-01-01",t
"rddb",-2034805434514745416,5001968410796252160,"1970-01-01",f
"lkbacun",-2128556744294542289,7137914277878200320,"1970-01-01",t
"avpatpdcvygd",1932236211497835665,7472128976085362688,"1970-01-01",f
"gwusiqucnpgeih",-6754716179106679470,3595245062594521600,"1970-01-01",f
"wff",4173154107483783319,6761038233492198400,"1970-01-01",t
"mor",6547403755465681242,5724682710036909056,"1970-01-01",f
"ylxhuofjjndahltw",-5663410938959432559,4468918488083893760,"1970-01-01",f
"rumclqkuxilymf",1187362410747005146,4597594969735232000,"1970-01-01",f
"tmhmrel",-1593814089343007705,993048640125416320,"1970-01-01",t
"ackpyhqi",-3201241427211955779,918600061184529408,"1970-01-01",f
"wvjsqtjjs",-8803534196735001953,2364708535200960000,"1970-01-01",f
"sntsspgaosx",-5000123385013892918,3362574988209794560,"1970-01-01",f
"qbkuyeyn",5192804103227732493,7713969468066118656,"1970-01-01",f
"vfq",7676046945729690925,5542661878777746432,"1970-01-01",t
"ckbawlksokeh",9073688088005705504,5575851666453654528,"1970-01-01",f
"krdugjfkyjf",-6855169560966089649,3161908323811950592,"1970-01-01",f
"kykqlx",5628787843588996011,2200700768407879680,"1970-01-01",f
"oovm",-1504906437685591585,3058494880993523712,"1970-01-01",t
"qecgyhkogj",-2641855605359709200,231561057733326560,"1970-01-01",t
"ihlouqagf",8078135462556922778,7815951139140581376,"1970-01-01",f
"yntmdxf",5110968433205178567,3739311883591881216,"1970-01-01",t
"rfnkkcr",-5647327189529438557,3328806829111150592,"1970-01-01",t
"kirr",6441640099130819165,553727137916202560,"1970-01-01",t
"sxffexmsn",1074973996756787302,4790113256057057280,"1970-01-01",t
"fxgmsfa",-8836003413852073861,6859248091101308928,"1970-01-01",t
"abuo",655344797905835068,1606743819694007040,"1970-01-01",f
"bhts",8943419536626963116,9196270367992724480,"1970-01-01",t
"iexojllmyh",-4823431075001466375,488795257552066176,"1970-01-01",t
"jwfc",3806354446637051239,4075133787814730752,"1970-01-01",t
"mklevuaigcvaavs",-5946403869641861597,6854333705551740928,"1970-01-01",f
"qjgjxckinulhwltr",684052615162918406,1801994500595416576,"1970-01-01",f
"elkmtp",-6351429920126682536,6887465576599543808,"1970-01-01",f
"fvhhhttgupmo",2539140870626190259,4031073558899615744,"1970-01-01",t
"gfudthimghxyknre",4130715464227099508,3953717552795739136,"1970-01-01",t
"tch",7950974773769011341,2980363450178618368,"1970-01-01",f
"cjlwldkcykkpvd",-1705571121037205547,1519511210108894720,"1970-01-01",t
"xkqxrgrxwqxfjsx",-5916304847895239631,3945247156123828224,"1970-01-01",t
"gky",1502622223768412310,6259526694173797376,"1970-01-01",f
"ueygukwlpelrkjp",3946725682566201999,5997103940099990528,"1970-01-01",f
"tkchmpxkumlcx",7809696620050289945,4069495741466689024,"1970-01-01",t
"rtaiosm",8543056576434472702,2362946605970400768,"1970-01-01",f
"xpen",-6451462170850657645,994509771915666688,"1970-01-01",t
"qbvbnpxcwtafjtvq",-5764881238451509439,4831348148510069760,"1970-01-01",t
"gbtwq",-11824447616795888,4342772231867703296,"1970-01-01",f
"qbadjpwq",-6419594408497676677,4108666756115310592,"1970-01-01",t
"nnnyadujfldl",3471244407060234908,250880646606412480,"1970-01-01",f
"wbmp",6741763632256961557,2369342113574696960,"1970-01-01",t
"otkxtu",-6723946172999779327,5877031886622331904,"1970-01-01",t
"euwjjpdcucjpb",3129879388501539000,4383718807079685120,"1970-01-01",f
"abb",600255982787027446,7606390371469157376,"1970-01-01",f
"jiholclx",-1303240877857618454,1790654314799915264,"1970-01-01",t
"hcmgbyxpwsnv",1734345808198443081,4320546108345307136,"1970-01-01",f
"nwr",6491304430208347810,3013286253876238336,"1970-01-01",f
"pxcledkys",2277660282229966519,2017593032818443776,"1970-01-01",f
"eomwjxrjw",1286615589102470722,8946686066551471104,"1970-01-01",f
"tbt",-7172953846119359101,1058415377120456448,"1970-01-01",t
"lska",4153853649058930029,88337600023061520,"1970-01-01",f
"ewkivgdkdcak",-3491358648020546537,779129143235877376,"1970-01-01",f
"qwqbss",-6957675571530961614,4080745709051697664,"1970-01-01",t
"ecmj",3531824701613956792,1005411836107700992,"1970-01-01",t
"fmnbiuxy",3308636266986430674,5476826774024582144,"1970-01-01",f
"bct",4088028738375627699,5297970762984044544,"1970-01-01",t
"ugv",-2512285707587869718,3946779277690573312,"1970-01-01",t
"hisfmlyxhuny",2258092543600460123,3846712232289337856,"1970-01-01",f
"prntow",3252825644374766906,6236865021733414912,"1970-01-01",t
"qf",7911517464517167576,6767110258785893376,"1970-01-01",f
"qmapfcejt",-2678770215651030998,1085196001485119104,"1970-01-01",t
"bnaek",-952473346022784031,1096816195951408640,"1970-01-01",t
"xtgqtp",-8445090885590957489,6635341304945822720,"1970-01-01",t
"crkj",6989092163102104839,6935285580183997440,"1970-01-01",t
"crlmiw",-4845508065745240525,5562883325459652608,"1970-01-01",t
"dsypk",-3631590864381043618,7574759805446822912,"1970-01-01",f
"xixo",6921828768905343702,971698231847266048,"1970-01-01",t
"tpksbsueashadtj",-4188033675462041600,2724973178637760000,"1970-01-01",f
"fivhunjqcohfrvatu",-8099840378878000540,5629659068790292480,"1970-01-01",t
"ucundgmosabsy",-709040258007272248,415769037489539904,"1970-01-01",t
"sbrsurqnsmwtluqs",4034303628026547207,8235553672950006784,"1970-01-01",f
"kapvsgqyxcmx",1747121643525481890,5989631587761366016,"1970-01-01",f
"ecuirdyringqixk",6018109444983681820,1253716814414207488,"1970-01-01",t
"lkyoqacoxhisyx",-5387881186591651483,9109850392661828608,"1970-01-01",f
"mhlestnqvkoy",5672093636394867698,3955308592585469440,"1970-01-01",f
"jeuehuniie",3971514434568599214,2279039287803140608,"1970-01-01",t
"xwslynotgtfuuk",-6252493584625255911,1326807830454834432,"1970-01-01",t
"mqjirpfl",-1018808655474788658,1048839666603985408,"1970-01-01",t
"ghuklveobvggqlb",7325487634978171070,366366985139248000,"1970-01-01",f
"fofraa",-4561386689586658421,3491623112747981824,"1970-01-01",t
"wjyeftxsvgpew",2707193173449799298,8535226148628156416,"1970-01-01",f
"apwisc",4871709610020259010,165580030816394560,"1970-01-01",f
"gcmrvywsquqeq",-3907395389903064501,953141062083764480,"1970-01-01",t
"pfkd",-5060492427877041252,6200135369561393152,"1970-01-01",f
"hymathrihyykou",-6263395424389398791,4046570771329230848,"1970-01-01",t
"eaaffggef",3193066111254414323,5576931981791727616,"1970-01-01",t
"qnxaixbyt",-754845439963022,6298711907894180864,"1970-01-01",t
"hxkesvii",-7940952879121824817,4086138312275306496,"1970-01-01",t
"svaobcrki",9029433871793344049,8162727210682369024,"1970-01-01",t
"qptax",3422712634514476404,6636959249839514624,"1970-01-01",f
"cejbpssvonjw",4936823300949249079,1071003602095808896,"1970-01-01",f
"bxko",-9121301339992157462,7568647830251280384,"1970-01-01",f
"bwrgfcdgraebh",-1896562786741062712,2876076784822567424,"1970-01-01",f
"umjoeaid",-7768655667281047708,4190763156686846464,"1970-01-01",t
"maajahxn",4302274949602515944,2789066540939880960,"1970-01-01",t
"mev",-4778362542557685855,5469412020550566912,"1970-01-01",f
"fexhopfbik",-3552791386942308295,5639863780637759488,"1970-01-01",f
"pnj",3828142429419553105,3554008623701833728,"1970-01-01",f
"fehfqwmnd",8861664937590372804,3465700115675501568,"1970-01-01",t
"guowlxg",-142227342562121323,5292939560115542016,"1970-01-01",t
"jnfk",4627866907267581403,156137212336514368,"1970-01-01",t
"xgutyccluiskqlylx",-3325540340333624038,4615677641555707904,"1970-01-01",f
"nigfgndixfmygxqp",1707720746372342620,3904046479464002048,"1970-01-01",f
"tieglthaivvv",-4178203210300300266,3561205941317803520,"1970-01-01",t
"qwncrmky",-7279462698705922635,5419924664595582976,"1970-01-01",t
"ldcsm",807007126730168520,6344668305532987392,"1970-01-01",f
